	feature_id	Taxon	feature_frequency	run-number	community	composition
787	f4ad315ec51d8bee23cb39f39bc8b019	d__Bacteria; p__Proteobacteria; c__Gammaproteobacteria; o__SAR86_clade; f__SAR86_clade; g__SAR86_clade; s__Rhodobacteraceae_bacterium	1199.0	46	V2	Staggered
788	f4ad315ec51d8bee23cb39f39bc8b019	d__Bacteria; p__Proteobacteria; c__Gammaproteobacteria; o__SAR86_clade; f__SAR86_clade; g__SAR86_clade; s__Rhodobacteraceae_bacterium	1176.0	46	V2	Staggered
789	f4ad315ec51d8bee23cb39f39bc8b019	d__Bacteria; p__Proteobacteria; c__Gammaproteobacteria; o__SAR86_clade; f__SAR86_clade; g__SAR86_clade; s__Rhodobacteraceae_bacterium	1383.0	46	V2	Staggered
790	f4ad315ec51d8bee23cb39f39bc8b019	d__Bacteria; p__Proteobacteria; c__Gammaproteobacteria; o__SAR86_clade; f__SAR86_clade; g__SAR86_clade; s__Rhodobacteraceae_bacterium	1455.0	46	V2	Staggered
791	f4ad315ec51d8bee23cb39f39bc8b019	d__Bacteria; p__Proteobacteria; c__Gammaproteobacteria; o__SAR86_clade; f__SAR86_clade; g__SAR86_clade; s__Rhodobacteraceae_bacterium	12.0	46	V2	Staggered
792	f4ad315ec51d8bee23cb39f39bc8b019	d__Bacteria; p__Proteobacteria; c__Gammaproteobacteria; o__SAR86_clade; f__SAR86_clade; g__SAR86_clade; s__Rhodobacteraceae_bacterium	1265.0	46	V2	Staggered
793	f4ad315ec51d8bee23cb39f39bc8b019	d__Bacteria; p__Proteobacteria; c__Gammaproteobacteria; o__SAR86_clade; f__SAR86_clade; g__SAR86_clade; s__Rhodobacteraceae_bacterium	1394.0	46	V2	Staggered
794	f4ad315ec51d8bee23cb39f39bc8b019	d__Bacteria; p__Proteobacteria; c__Gammaproteobacteria; o__SAR86_clade; f__SAR86_clade; g__SAR86_clade; s__Rhodobacteraceae_bacterium	80.0	46	V2	Staggered
795	f4ad315ec51d8bee23cb39f39bc8b019	d__Bacteria; p__Proteobacteria; c__Gammaproteobacteria; o__SAR86_clade; f__SAR86_clade; g__SAR86_clade; s__Rhodobacteraceae_bacterium	874.0	46	V2	Staggered
796	f4ad315ec51d8bee23cb39f39bc8b019	d__Bacteria; p__Proteobacteria; c__Gammaproteobacteria; o__SAR86_clade; f__SAR86_clade; g__SAR86_clade; s__Rhodobacteraceae_bacterium	1118.0	46	V2	Staggered
797	f4ad315ec51d8bee23cb39f39bc8b019	d__Bacteria; p__Proteobacteria; c__Gammaproteobacteria; o__SAR86_clade; f__SAR86_clade; g__SAR86_clade; s__Rhodobacteraceae_bacterium	1200.0	46	V2	Staggered
798	f4ad315ec51d8bee23cb39f39bc8b019	d__Bacteria; p__Proteobacteria; c__Gammaproteobacteria; o__SAR86_clade; f__SAR86_clade; g__SAR86_clade; s__Rhodobacteraceae_bacterium	867.0	46	V2	Staggered
799	f4ad315ec51d8bee23cb39f39bc8b019	d__Bacteria; p__Proteobacteria; c__Gammaproteobacteria; o__SAR86_clade; f__SAR86_clade; g__SAR86_clade; s__Rhodobacteraceae_bacterium	1632.0	46	V2	Staggered
800	f4ad315ec51d8bee23cb39f39bc8b019	d__Bacteria; p__Proteobacteria; c__Gammaproteobacteria; o__SAR86_clade; f__SAR86_clade; g__SAR86_clade; s__Rhodobacteraceae_bacterium	598.0	46	V2	Staggered
801	f4ad315ec51d8bee23cb39f39bc8b019	d__Bacteria; p__Proteobacteria; c__Gammaproteobacteria; o__SAR86_clade; f__SAR86_clade; g__SAR86_clade; s__Rhodobacteraceae_bacterium	1181.0	46	V2	Staggered
802	f4ad315ec51d8bee23cb39f39bc8b019	d__Bacteria; p__Proteobacteria; c__Gammaproteobacteria; o__SAR86_clade; f__SAR86_clade; g__SAR86_clade; s__Rhodobacteraceae_bacterium	374.0	46	V2	Staggered
803	f4ad315ec51d8bee23cb39f39bc8b019	d__Bacteria; p__Proteobacteria; c__Gammaproteobacteria; o__SAR86_clade; f__SAR86_clade; g__SAR86_clade; s__Rhodobacteraceae_bacterium	601.0	46	V2	Staggered
804	f4ad315ec51d8bee23cb39f39bc8b019	d__Bacteria; p__Proteobacteria; c__Gammaproteobacteria; o__SAR86_clade; f__SAR86_clade; g__SAR86_clade; s__Rhodobacteraceae_bacterium	1266.0	46	V2	Staggered
805	f4ad315ec51d8bee23cb39f39bc8b019	d__Bacteria; p__Proteobacteria; c__Gammaproteobacteria; o__SAR86_clade; f__SAR86_clade; g__SAR86_clade; s__Rhodobacteraceae_bacterium	180.0	46	V2	Staggered
806	f4ad315ec51d8bee23cb39f39bc8b019	d__Bacteria; p__Proteobacteria; c__Gammaproteobacteria; o__SAR86_clade; f__SAR86_clade; g__SAR86_clade; s__Rhodobacteraceae_bacterium	600.0	46	V2	Staggered
807	f4ad315ec51d8bee23cb39f39bc8b019	d__Bacteria; p__Proteobacteria; c__Gammaproteobacteria; o__SAR86_clade; f__SAR86_clade; g__SAR86_clade; s__Rhodobacteraceae_bacterium	173.0	46	V2	Staggered
808	f4ad315ec51d8bee23cb39f39bc8b019	d__Bacteria; p__Proteobacteria; c__Gammaproteobacteria; o__SAR86_clade; f__SAR86_clade; g__SAR86_clade; s__Rhodobacteraceae_bacterium	375.0	46	V2	Staggered
809	f4ad315ec51d8bee23cb39f39bc8b019	d__Bacteria; p__Proteobacteria; c__Gammaproteobacteria; o__SAR86_clade; f__SAR86_clade; g__SAR86_clade; s__Rhodobacteraceae_bacterium	1645.0	46	V2	Staggered
810	f4ad315ec51d8bee23cb39f39bc8b019	d__Bacteria; p__Proteobacteria; c__Gammaproteobacteria; o__SAR86_clade; f__SAR86_clade; g__SAR86_clade; s__Rhodobacteraceae_bacterium	170.0	46	V2	Staggered
811	f4ad315ec51d8bee23cb39f39bc8b019	d__Bacteria; p__Proteobacteria; c__Gammaproteobacteria; o__SAR86_clade; f__SAR86_clade; g__SAR86_clade; s__Rhodobacteraceae_bacterium	868.0	46	V2	Staggered
812	f4ad315ec51d8bee23cb39f39bc8b019	d__Bacteria; p__Proteobacteria; c__Gammaproteobacteria; o__SAR86_clade; f__SAR86_clade; g__SAR86_clade; s__Rhodobacteraceae_bacterium	605.0	46	V2	Staggered
813	f4ad315ec51d8bee23cb39f39bc8b019	d__Bacteria; p__Proteobacteria; c__Gammaproteobacteria; o__SAR86_clade; f__SAR86_clade; g__SAR86_clade; s__Rhodobacteraceae_bacterium	1395.0	46	V2	Staggered
814	f4ad315ec51d8bee23cb39f39bc8b019	d__Bacteria; p__Proteobacteria; c__Gammaproteobacteria; o__SAR86_clade; f__SAR86_clade; g__SAR86_clade; s__Rhodobacteraceae_bacterium	1478.0	46	V2	Staggered
815	f4ad315ec51d8bee23cb39f39bc8b019	d__Bacteria; p__Proteobacteria; c__Gammaproteobacteria; o__SAR86_clade; f__SAR86_clade; g__SAR86_clade; s__Rhodobacteraceae_bacterium	79.0	46	V2	Staggered
816	f4ad315ec51d8bee23cb39f39bc8b019	d__Bacteria; p__Proteobacteria; c__Gammaproteobacteria; o__SAR86_clade; f__SAR86_clade; g__SAR86_clade; s__Rhodobacteraceae_bacterium	1636.0	46	V2	Staggered
817	f4ad315ec51d8bee23cb39f39bc8b019	d__Bacteria; p__Proteobacteria; c__Gammaproteobacteria; o__SAR86_clade; f__SAR86_clade; g__SAR86_clade; s__Rhodobacteraceae_bacterium	1410.0	46	V2	Staggered
818	f4ad315ec51d8bee23cb39f39bc8b019	d__Bacteria; p__Proteobacteria; c__Gammaproteobacteria; o__SAR86_clade; f__SAR86_clade; g__SAR86_clade; s__Rhodobacteraceae_bacterium	1345.0	46	V2	Staggered
819	f4ad315ec51d8bee23cb39f39bc8b019	d__Bacteria; p__Proteobacteria; c__Gammaproteobacteria; o__SAR86_clade; f__SAR86_clade; g__SAR86_clade; s__Rhodobacteraceae_bacterium	1384.0	46	V2	Staggered
820	f4ad315ec51d8bee23cb39f39bc8b019	d__Bacteria; p__Proteobacteria; c__Gammaproteobacteria; o__SAR86_clade; f__SAR86_clade; g__SAR86_clade; s__Rhodobacteraceae_bacterium	1177.0	46	V2	Staggered
821	f4ad315ec51d8bee23cb39f39bc8b019	d__Bacteria; p__Proteobacteria; c__Gammaproteobacteria; o__SAR86_clade; f__SAR86_clade; g__SAR86_clade; s__Rhodobacteraceae_bacterium	1420.0	46	V2	Staggered
822	f4ad315ec51d8bee23cb39f39bc8b019	d__Bacteria; p__Proteobacteria; c__Gammaproteobacteria; o__SAR86_clade; f__SAR86_clade; g__SAR86_clade; s__Rhodobacteraceae_bacterium	380.0	46	V2	Staggered
823	f4ad315ec51d8bee23cb39f39bc8b019	d__Bacteria; p__Proteobacteria; c__Gammaproteobacteria; o__SAR86_clade; f__SAR86_clade; g__SAR86_clade; s__Rhodobacteraceae_bacterium	744.0	46	V2	Staggered
824	f4ad315ec51d8bee23cb39f39bc8b019	d__Bacteria; p__Proteobacteria; c__Gammaproteobacteria; o__SAR86_clade; f__SAR86_clade; g__SAR86_clade; s__Rhodobacteraceae_bacterium	1525.0	46	V2	Staggered
825	f4ad315ec51d8bee23cb39f39bc8b019	d__Bacteria; p__Proteobacteria; c__Gammaproteobacteria; o__SAR86_clade; f__SAR86_clade; g__SAR86_clade; s__Rhodobacteraceae_bacterium	595.0	46	V2	Staggered
826	f4ad315ec51d8bee23cb39f39bc8b019	d__Bacteria; p__Proteobacteria; c__Gammaproteobacteria; o__SAR86_clade; f__SAR86_clade; g__SAR86_clade; s__Rhodobacteraceae_bacterium	81.0	46	V2	Staggered
827	f4ad315ec51d8bee23cb39f39bc8b019	d__Bacteria; p__Proteobacteria; c__Gammaproteobacteria; o__SAR86_clade; f__SAR86_clade; g__SAR86_clade; s__Rhodobacteraceae_bacterium	379.0	46	V2	Staggered
828	f4ad315ec51d8bee23cb39f39bc8b019	d__Bacteria; p__Proteobacteria; c__Gammaproteobacteria; o__SAR86_clade; f__SAR86_clade; g__SAR86_clade; s__Rhodobacteraceae_bacterium	718.0	46	V2	Staggered
829	f4ad315ec51d8bee23cb39f39bc8b019	d__Bacteria; p__Proteobacteria; c__Gammaproteobacteria; o__SAR86_clade; f__SAR86_clade; g__SAR86_clade; s__Rhodobacteraceae_bacterium	186.0	46	V2	Staggered
830	f4ad315ec51d8bee23cb39f39bc8b019	d__Bacteria; p__Proteobacteria; c__Gammaproteobacteria; o__SAR86_clade; f__SAR86_clade; g__SAR86_clade; s__Rhodobacteraceae_bacterium	188.0	46	V2	Staggered
831	f4ad315ec51d8bee23cb39f39bc8b019	d__Bacteria; p__Proteobacteria; c__Gammaproteobacteria; o__SAR86_clade; f__SAR86_clade; g__SAR86_clade; s__Rhodobacteraceae_bacterium	384.0	46	V2	Staggered
832	f4ad315ec51d8bee23cb39f39bc8b019	d__Bacteria; p__Proteobacteria; c__Gammaproteobacteria; o__SAR86_clade; f__SAR86_clade; g__SAR86_clade; s__Rhodobacteraceae_bacterium	1438.0	46	V2	Staggered
833	f4ad315ec51d8bee23cb39f39bc8b019	d__Bacteria; p__Proteobacteria; c__Gammaproteobacteria; o__SAR86_clade; f__SAR86_clade; g__SAR86_clade; s__Rhodobacteraceae_bacterium	961.0	46	V2	Staggered
834	f4ad315ec51d8bee23cb39f39bc8b019	d__Bacteria; p__Proteobacteria; c__Gammaproteobacteria; o__SAR86_clade; f__SAR86_clade; g__SAR86_clade; s__Rhodobacteraceae_bacterium	1615.0	46	V2	Staggered
835	f4ad315ec51d8bee23cb39f39bc8b019	d__Bacteria; p__Proteobacteria; c__Gammaproteobacteria; o__SAR86_clade; f__SAR86_clade; g__SAR86_clade; s__Rhodobacteraceae_bacterium	1360.0	46	V2	Staggered
836	f4ad315ec51d8bee23cb39f39bc8b019	d__Bacteria; p__Proteobacteria; c__Gammaproteobacteria; o__SAR86_clade; f__SAR86_clade; g__SAR86_clade; s__Rhodobacteraceae_bacterium	1564.0	46	V2	Staggered
837	f4ad315ec51d8bee23cb39f39bc8b019	d__Bacteria; p__Proteobacteria; c__Gammaproteobacteria; o__SAR86_clade; f__SAR86_clade; g__SAR86_clade; s__Rhodobacteraceae_bacterium	1484.0	46	V2	Staggered
838	f4ad315ec51d8bee23cb39f39bc8b019	d__Bacteria; p__Proteobacteria; c__Gammaproteobacteria; o__SAR86_clade; f__SAR86_clade; g__SAR86_clade; s__Rhodobacteraceae_bacterium	0.0	46	V2	Staggered
839	f4ad315ec51d8bee23cb39f39bc8b019	d__Bacteria; p__Proteobacteria; c__Gammaproteobacteria; o__SAR86_clade; f__SAR86_clade; g__SAR86_clade; s__Rhodobacteraceae_bacterium	923.0	46	V2	Staggered
840	f4ad315ec51d8bee23cb39f39bc8b019	d__Bacteria; p__Proteobacteria; c__Gammaproteobacteria; o__SAR86_clade; f__SAR86_clade; g__SAR86_clade; s__Rhodobacteraceae_bacterium	1500.0	46	V2	Staggered
841	f4ad315ec51d8bee23cb39f39bc8b019	d__Bacteria; p__Proteobacteria; c__Gammaproteobacteria; o__SAR86_clade; f__SAR86_clade; g__SAR86_clade; s__Rhodobacteraceae_bacterium	1482.0	46	V2	Staggered
842	f4ad315ec51d8bee23cb39f39bc8b019	d__Bacteria; p__Proteobacteria; c__Gammaproteobacteria; o__SAR86_clade; f__SAR86_clade; g__SAR86_clade; s__Rhodobacteraceae_bacterium	1569.0	46	V2	Staggered
843	f4ad315ec51d8bee23cb39f39bc8b019	d__Bacteria; p__Proteobacteria; c__Gammaproteobacteria; o__SAR86_clade; f__SAR86_clade; g__SAR86_clade; s__Rhodobacteraceae_bacterium	1710.0	46	V2	Staggered
844	f4ad315ec51d8bee23cb39f39bc8b019	d__Bacteria; p__Proteobacteria; c__Gammaproteobacteria; o__SAR86_clade; f__SAR86_clade; g__SAR86_clade; s__Rhodobacteraceae_bacterium	1321.0	46	V2	Staggered
845	f4ad315ec51d8bee23cb39f39bc8b019	d__Bacteria; p__Proteobacteria; c__Gammaproteobacteria; o__SAR86_clade; f__SAR86_clade; g__SAR86_clade; s__Rhodobacteraceae_bacterium	1241.0	46	V2	Staggered
846	f4ad315ec51d8bee23cb39f39bc8b019	d__Bacteria; p__Proteobacteria; c__Gammaproteobacteria; o__SAR86_clade; f__SAR86_clade; g__SAR86_clade; s__Rhodobacteraceae_bacterium	1075.0	46	V2	Staggered
847	f4ad315ec51d8bee23cb39f39bc8b019	d__Bacteria; p__Proteobacteria; c__Gammaproteobacteria; o__SAR86_clade; f__SAR86_clade; g__SAR86_clade; s__Rhodobacteraceae_bacterium	1169.0	46	V2	Staggered
848	f4ad315ec51d8bee23cb39f39bc8b019	d__Bacteria; p__Proteobacteria; c__Gammaproteobacteria; o__SAR86_clade; f__SAR86_clade; g__SAR86_clade; s__Rhodobacteraceae_bacterium	1594.0	46	V2	Staggered
849	f4ad315ec51d8bee23cb39f39bc8b019	d__Bacteria; p__Proteobacteria; c__Gammaproteobacteria; o__SAR86_clade; f__SAR86_clade; g__SAR86_clade; s__Rhodobacteraceae_bacterium	591.0	46	V2	Staggered
850	f4ad315ec51d8bee23cb39f39bc8b019	d__Bacteria; p__Proteobacteria; c__Gammaproteobacteria; o__SAR86_clade; f__SAR86_clade; g__SAR86_clade; s__Rhodobacteraceae_bacterium	1230.0	46	V2	Staggered
851	f4ad315ec51d8bee23cb39f39bc8b019	d__Bacteria; p__Proteobacteria; c__Gammaproteobacteria; o__SAR86_clade; f__SAR86_clade; g__SAR86_clade; s__Rhodobacteraceae_bacterium	814.0	46	V2	Staggered
852	f4ad315ec51d8bee23cb39f39bc8b019	d__Bacteria; p__Proteobacteria; c__Gammaproteobacteria; o__SAR86_clade; f__SAR86_clade; g__SAR86_clade; s__Rhodobacteraceae_bacterium	1148.0	46	V2	Staggered
853	f4ad315ec51d8bee23cb39f39bc8b019	d__Bacteria; p__Proteobacteria; c__Gammaproteobacteria; o__SAR86_clade; f__SAR86_clade; g__SAR86_clade; s__Rhodobacteraceae_bacterium	565.0	46	V2	Staggered
854	f4ad315ec51d8bee23cb39f39bc8b019	d__Bacteria; p__Proteobacteria; c__Gammaproteobacteria; o__SAR86_clade; f__SAR86_clade; g__SAR86_clade; s__Rhodobacteraceae_bacterium	1208.0	46	V2	Staggered
855	f4ad315ec51d8bee23cb39f39bc8b019	d__Bacteria; p__Proteobacteria; c__Gammaproteobacteria; o__SAR86_clade; f__SAR86_clade; g__SAR86_clade; s__Rhodobacteraceae_bacterium	855.0	46	V2	Staggered
856	f4ad315ec51d8bee23cb39f39bc8b019	d__Bacteria; p__Proteobacteria; c__Gammaproteobacteria; o__SAR86_clade; f__SAR86_clade; g__SAR86_clade; s__Rhodobacteraceae_bacterium	1643.0	46	V2	Staggered
857	f4ad315ec51d8bee23cb39f39bc8b019	d__Bacteria; p__Proteobacteria; c__Gammaproteobacteria; o__SAR86_clade; f__SAR86_clade; g__SAR86_clade; s__Rhodobacteraceae_bacterium	1188.0	46	V2	Staggered
858	f4ad315ec51d8bee23cb39f39bc8b019	d__Bacteria; p__Proteobacteria; c__Gammaproteobacteria; o__SAR86_clade; f__SAR86_clade; g__SAR86_clade; s__Rhodobacteraceae_bacterium	1497.0	46	V2	Staggered
859	f4ad315ec51d8bee23cb39f39bc8b019	d__Bacteria; p__Proteobacteria; c__Gammaproteobacteria; o__SAR86_clade; f__SAR86_clade; g__SAR86_clade; s__Rhodobacteraceae_bacterium	1548.0	46	V2	Staggered
860	f4ad315ec51d8bee23cb39f39bc8b019	d__Bacteria; p__Proteobacteria; c__Gammaproteobacteria; o__SAR86_clade; f__SAR86_clade; g__SAR86_clade; s__Rhodobacteraceae_bacterium	1226.0	46	V2	Staggered
861	f4ad315ec51d8bee23cb39f39bc8b019	d__Bacteria; p__Proteobacteria; c__Gammaproteobacteria; o__SAR86_clade; f__SAR86_clade; g__SAR86_clade; s__Rhodobacteraceae_bacterium	1252.0	46	V2	Staggered
862	f4ad315ec51d8bee23cb39f39bc8b019	d__Bacteria; p__Proteobacteria; c__Gammaproteobacteria; o__SAR86_clade; f__SAR86_clade; g__SAR86_clade; s__Rhodobacteraceae_bacterium	1145.0	46	V2	Staggered
863	f4ad315ec51d8bee23cb39f39bc8b019	d__Bacteria; p__Proteobacteria; c__Gammaproteobacteria; o__SAR86_clade; f__SAR86_clade; g__SAR86_clade; s__Rhodobacteraceae_bacterium	1680.0	46	V2	Staggered
864	f4ad315ec51d8bee23cb39f39bc8b019	d__Bacteria; p__Proteobacteria; c__Gammaproteobacteria; o__SAR86_clade; f__SAR86_clade; g__SAR86_clade; s__Rhodobacteraceae_bacterium	382.0	46	V2	Staggered
865	f4ad315ec51d8bee23cb39f39bc8b019	d__Bacteria; p__Proteobacteria; c__Gammaproteobacteria; o__SAR86_clade; f__SAR86_clade; g__SAR86_clade; s__Rhodobacteraceae_bacterium	189.0	46	V2	Staggered
866	f4ad315ec51d8bee23cb39f39bc8b019	d__Bacteria; p__Proteobacteria; c__Gammaproteobacteria; o__SAR86_clade; f__SAR86_clade; g__SAR86_clade; s__Rhodobacteraceae_bacterium	1165.0	46	V2	Staggered
867	f4ad315ec51d8bee23cb39f39bc8b019	d__Bacteria; p__Proteobacteria; c__Gammaproteobacteria; o__SAR86_clade; f__SAR86_clade; g__SAR86_clade; s__Rhodobacteraceae_bacterium	1591.0	46	V2	Staggered
868	f4ad315ec51d8bee23cb39f39bc8b019	d__Bacteria; p__Proteobacteria; c__Gammaproteobacteria; o__SAR86_clade; f__SAR86_clade; g__SAR86_clade; s__Rhodobacteraceae_bacterium	1079.0	46	V2	Staggered
869	f4ad315ec51d8bee23cb39f39bc8b019	d__Bacteria; p__Proteobacteria; c__Gammaproteobacteria; o__SAR86_clade; f__SAR86_clade; g__SAR86_clade; s__Rhodobacteraceae_bacterium	1457.0	46	V2	Staggered
870	f4ad315ec51d8bee23cb39f39bc8b019	d__Bacteria; p__Proteobacteria; c__Gammaproteobacteria; o__SAR86_clade; f__SAR86_clade; g__SAR86_clade; s__Rhodobacteraceae_bacterium	1553.0	46	V2	Staggered
871	f4ad315ec51d8bee23cb39f39bc8b019	d__Bacteria; p__Proteobacteria; c__Gammaproteobacteria; o__SAR86_clade; f__SAR86_clade; g__SAR86_clade; s__Rhodobacteraceae_bacterium	1492.0	46	V2	Staggered
872	f4ad315ec51d8bee23cb39f39bc8b019	d__Bacteria; p__Proteobacteria; c__Gammaproteobacteria; o__SAR86_clade; f__SAR86_clade; g__SAR86_clade; s__Rhodobacteraceae_bacterium	1031.0	46	V2	Staggered
873	f4ad315ec51d8bee23cb39f39bc8b019	d__Bacteria; p__Proteobacteria; c__Gammaproteobacteria; o__SAR86_clade; f__SAR86_clade; g__SAR86_clade; s__Rhodobacteraceae_bacterium	864.0	46	V2	Staggered
874	f4ad315ec51d8bee23cb39f39bc8b019	d__Bacteria; p__Proteobacteria; c__Gammaproteobacteria; o__SAR86_clade; f__SAR86_clade; g__SAR86_clade; s__Rhodobacteraceae_bacterium	1565.0	46	V2	Staggered
875	f4ad315ec51d8bee23cb39f39bc8b019	d__Bacteria; p__Proteobacteria; c__Gammaproteobacteria; o__SAR86_clade; f__SAR86_clade; g__SAR86_clade; s__Rhodobacteraceae_bacterium	527.0	46	V2	Staggered
876	f4ad315ec51d8bee23cb39f39bc8b019	d__Bacteria; p__Proteobacteria; c__Gammaproteobacteria; o__SAR86_clade; f__SAR86_clade; g__SAR86_clade; s__Rhodobacteraceae_bacterium	1392.0	46	V2	Staggered
877	f4ad315ec51d8bee23cb39f39bc8b019	d__Bacteria; p__Proteobacteria; c__Gammaproteobacteria; o__SAR86_clade; f__SAR86_clade; g__SAR86_clade; s__Rhodobacteraceae_bacterium	512.0	46	V2	Staggered
878	f4ad315ec51d8bee23cb39f39bc8b019	d__Bacteria; p__Proteobacteria; c__Gammaproteobacteria; o__SAR86_clade; f__SAR86_clade; g__SAR86_clade; s__Rhodobacteraceae_bacterium	603.0	46	V2	Staggered
879	f4ad315ec51d8bee23cb39f39bc8b019	d__Bacteria; p__Proteobacteria; c__Gammaproteobacteria; o__SAR86_clade; f__SAR86_clade; g__SAR86_clade; s__Rhodobacteraceae_bacterium	11.0	46	V2	Staggered
880	f4ad315ec51d8bee23cb39f39bc8b019	d__Bacteria; p__Proteobacteria; c__Gammaproteobacteria; o__SAR86_clade; f__SAR86_clade; g__SAR86_clade; s__Rhodobacteraceae_bacterium	1180.0	46	V2	Staggered
881	f4ad315ec51d8bee23cb39f39bc8b019	d__Bacteria; p__Proteobacteria; c__Gammaproteobacteria; o__SAR86_clade; f__SAR86_clade; g__SAR86_clade; s__Rhodobacteraceae_bacterium	1471.0	46	V2	Staggered
882	f4ad315ec51d8bee23cb39f39bc8b019	d__Bacteria; p__Proteobacteria; c__Gammaproteobacteria; o__SAR86_clade; f__SAR86_clade; g__SAR86_clade; s__Rhodobacteraceae_bacterium	1301.0	46	V2	Staggered
883	f4ad315ec51d8bee23cb39f39bc8b019	d__Bacteria; p__Proteobacteria; c__Gammaproteobacteria; o__SAR86_clade; f__SAR86_clade; g__SAR86_clade; s__Rhodobacteraceae_bacterium	1463.0	46	V2	Staggered
884	f4ad315ec51d8bee23cb39f39bc8b019	d__Bacteria; p__Proteobacteria; c__Gammaproteobacteria; o__SAR86_clade; f__SAR86_clade; g__SAR86_clade; s__Rhodobacteraceae_bacterium	185.0	46	V2	Staggered
885	f4ad315ec51d8bee23cb39f39bc8b019	d__Bacteria; p__Proteobacteria; c__Gammaproteobacteria; o__SAR86_clade; f__SAR86_clade; g__SAR86_clade; s__Rhodobacteraceae_bacterium	342.0	46	V2	Staggered
886	f4ad315ec51d8bee23cb39f39bc8b019	d__Bacteria; p__Proteobacteria; c__Gammaproteobacteria; o__SAR86_clade; f__SAR86_clade; g__SAR86_clade; s__Rhodobacteraceae_bacterium	871.0	46	V2	Staggered
887	f4ad315ec51d8bee23cb39f39bc8b019	d__Bacteria; p__Proteobacteria; c__Gammaproteobacteria; o__SAR86_clade; f__SAR86_clade; g__SAR86_clade; s__Rhodobacteraceae_bacterium	599.0	46	V2	Staggered
888	f4ad315ec51d8bee23cb39f39bc8b019	d__Bacteria; p__Proteobacteria; c__Gammaproteobacteria; o__SAR86_clade; f__SAR86_clade; g__SAR86_clade; s__Rhodobacteraceae_bacterium	335.0	46	V2	Staggered
889	f4ad315ec51d8bee23cb39f39bc8b019	d__Bacteria; p__Proteobacteria; c__Gammaproteobacteria; o__SAR86_clade; f__SAR86_clade; g__SAR86_clade; s__Rhodobacteraceae_bacterium	1657.0	46	V2	Staggered
890	f4ad315ec51d8bee23cb39f39bc8b019	d__Bacteria; p__Proteobacteria; c__Gammaproteobacteria; o__SAR86_clade; f__SAR86_clade; g__SAR86_clade; s__Rhodobacteraceae_bacterium	873.0	46	V2	Staggered
891	f4ad315ec51d8bee23cb39f39bc8b019	d__Bacteria; p__Proteobacteria; c__Gammaproteobacteria; o__SAR86_clade; f__SAR86_clade; g__SAR86_clade; s__Rhodobacteraceae_bacterium	1699.0	46	V2	Staggered
892	f4ad315ec51d8bee23cb39f39bc8b019	d__Bacteria; p__Proteobacteria; c__Gammaproteobacteria; o__SAR86_clade; f__SAR86_clade; g__SAR86_clade; s__Rhodobacteraceae_bacterium	866.0	46	V2	Staggered
893	f4ad315ec51d8bee23cb39f39bc8b019	d__Bacteria; p__Proteobacteria; c__Gammaproteobacteria; o__SAR86_clade; f__SAR86_clade; g__SAR86_clade; s__Rhodobacteraceae_bacterium	1683.0	46	V2	Staggered
894	f4ad315ec51d8bee23cb39f39bc8b019	d__Bacteria; p__Proteobacteria; c__Gammaproteobacteria; o__SAR86_clade; f__SAR86_clade; g__SAR86_clade; s__Rhodobacteraceae_bacterium	361.0	46	V2	Staggered
895	f4ad315ec51d8bee23cb39f39bc8b019	d__Bacteria; p__Proteobacteria; c__Gammaproteobacteria; o__SAR86_clade; f__SAR86_clade; g__SAR86_clade; s__Rhodobacteraceae_bacterium	184.0	46	V2	Staggered
896	f4ad315ec51d8bee23cb39f39bc8b019	d__Bacteria; p__Proteobacteria; c__Gammaproteobacteria; o__SAR86_clade; f__SAR86_clade; g__SAR86_clade; s__Rhodobacteraceae_bacterium	1175.0	46	V2	Staggered
897	f4ad315ec51d8bee23cb39f39bc8b019	d__Bacteria; p__Proteobacteria; c__Gammaproteobacteria; o__SAR86_clade; f__SAR86_clade; g__SAR86_clade; s__Rhodobacteraceae_bacterium	1725.0	46	V2	Staggered
898	f4ad315ec51d8bee23cb39f39bc8b019	d__Bacteria; p__Proteobacteria; c__Gammaproteobacteria; o__SAR86_clade; f__SAR86_clade; g__SAR86_clade; s__Rhodobacteraceae_bacterium	1388.0	46	V2	Staggered
899	f4ad315ec51d8bee23cb39f39bc8b019	d__Bacteria; p__Proteobacteria; c__Gammaproteobacteria; o__SAR86_clade; f__SAR86_clade; g__SAR86_clade; s__Rhodobacteraceae_bacterium	1194.0	46	V2	Staggered
900	f4ad315ec51d8bee23cb39f39bc8b019	d__Bacteria; p__Proteobacteria; c__Gammaproteobacteria; o__SAR86_clade; f__SAR86_clade; g__SAR86_clade; s__Rhodobacteraceae_bacterium	1519.0	46	V2	Staggered
901	f4ad315ec51d8bee23cb39f39bc8b019	d__Bacteria; p__Proteobacteria; c__Gammaproteobacteria; o__SAR86_clade; f__SAR86_clade; g__SAR86_clade; s__Rhodobacteraceae_bacterium	1141.0	46	V2	Staggered
902	f4ad315ec51d8bee23cb39f39bc8b019	d__Bacteria; p__Proteobacteria; c__Gammaproteobacteria; o__SAR86_clade; f__SAR86_clade; g__SAR86_clade; s__Rhodobacteraceae_bacterium	1260.0	46	V2	Staggered
903	f4ad315ec51d8bee23cb39f39bc8b019	d__Bacteria; p__Proteobacteria; c__Gammaproteobacteria; o__SAR86_clade; f__SAR86_clade; g__SAR86_clade; s__Rhodobacteraceae_bacterium	1178.0	46	V2	Staggered
904	f4ad315ec51d8bee23cb39f39bc8b019	d__Bacteria; p__Proteobacteria; c__Gammaproteobacteria; o__SAR86_clade; f__SAR86_clade; g__SAR86_clade; s__Rhodobacteraceae_bacterium	1088.0	46	V2	Staggered
905	f4ad315ec51d8bee23cb39f39bc8b019	d__Bacteria; p__Proteobacteria; c__Gammaproteobacteria; o__SAR86_clade; f__SAR86_clade; g__SAR86_clade; s__Rhodobacteraceae_bacterium	1363.0	46	V2	Staggered
906	f4ad315ec51d8bee23cb39f39bc8b019	d__Bacteria; p__Proteobacteria; c__Gammaproteobacteria; o__SAR86_clade; f__SAR86_clade; g__SAR86_clade; s__Rhodobacteraceae_bacterium	1292.0	46	V2	Staggered
907	f4ad315ec51d8bee23cb39f39bc8b019	d__Bacteria; p__Proteobacteria; c__Gammaproteobacteria; o__SAR86_clade; f__SAR86_clade; g__SAR86_clade; s__Rhodobacteraceae_bacterium	1490.0	46	V2	Staggered
908	f4ad315ec51d8bee23cb39f39bc8b019	d__Bacteria; p__Proteobacteria; c__Gammaproteobacteria; o__SAR86_clade; f__SAR86_clade; g__SAR86_clade; s__Rhodobacteraceae_bacterium	1353.0	46	V2	Staggered
909	f4ad315ec51d8bee23cb39f39bc8b019	d__Bacteria; p__Proteobacteria; c__Gammaproteobacteria; o__SAR86_clade; f__SAR86_clade; g__SAR86_clade; s__Rhodobacteraceae_bacterium	1579.0	46	V2	Staggered
912	f4ad315ec51d8bee23cb39f39bc8b019	d__Bacteria; p__Proteobacteria; c__Gammaproteobacteria; o__SAR86_clade; f__SAR86_clade; g__SAR86_clade; s__Rhodobacteraceae_bacterium	1502.0	46	V2	Staggered
913	f4ad315ec51d8bee23cb39f39bc8b019	d__Bacteria; p__Proteobacteria; c__Gammaproteobacteria; o__SAR86_clade; f__SAR86_clade; g__SAR86_clade; s__Rhodobacteraceae_bacterium	51.0	46	V2	Staggered
914	f4ad315ec51d8bee23cb39f39bc8b019	d__Bacteria; p__Proteobacteria; c__Gammaproteobacteria; o__SAR86_clade; f__SAR86_clade; g__SAR86_clade; s__Rhodobacteraceae_bacterium	902.0	46	V2	Staggered
915	f4ad315ec51d8bee23cb39f39bc8b019	d__Bacteria; p__Proteobacteria; c__Gammaproteobacteria; o__SAR86_clade; f__SAR86_clade; g__SAR86_clade; s__Rhodobacteraceae_bacterium	1289.0	46	V2	Staggered
916	f4ad315ec51d8bee23cb39f39bc8b019	d__Bacteria; p__Proteobacteria; c__Gammaproteobacteria; o__SAR86_clade; f__SAR86_clade; g__SAR86_clade; s__Rhodobacteraceae_bacterium	1366.0	46	V2	Staggered
917	f4ad315ec51d8bee23cb39f39bc8b019	d__Bacteria; p__Proteobacteria; c__Gammaproteobacteria; o__SAR86_clade; f__SAR86_clade; g__SAR86_clade; s__Rhodobacteraceae_bacterium	1758.0	46	V2	Staggered
918	f4ad315ec51d8bee23cb39f39bc8b019	d__Bacteria; p__Proteobacteria; c__Gammaproteobacteria; o__SAR86_clade; f__SAR86_clade; g__SAR86_clade; s__Rhodobacteraceae_bacterium	657.0	46	V2	Staggered
919	f4ad315ec51d8bee23cb39f39bc8b019	d__Bacteria; p__Proteobacteria; c__Gammaproteobacteria; o__SAR86_clade; f__SAR86_clade; g__SAR86_clade; s__Rhodobacteraceae_bacterium	1293.0	46	V2	Staggered
920	f4ad315ec51d8bee23cb39f39bc8b019	d__Bacteria; p__Proteobacteria; c__Gammaproteobacteria; o__SAR86_clade; f__SAR86_clade; g__SAR86_clade; s__Rhodobacteraceae_bacterium	385.0	46	V2	Staggered
921	f4ad315ec51d8bee23cb39f39bc8b019	d__Bacteria; p__Proteobacteria; c__Gammaproteobacteria; o__SAR86_clade; f__SAR86_clade; g__SAR86_clade; s__Rhodobacteraceae_bacterium	658.0	46	V2	Staggered
922	f4ad315ec51d8bee23cb39f39bc8b019	d__Bacteria; p__Proteobacteria; c__Gammaproteobacteria; o__SAR86_clade; f__SAR86_clade; g__SAR86_clade; s__Rhodobacteraceae_bacterium	1441.0	46	V2	Staggered
923	f4ad315ec51d8bee23cb39f39bc8b019	d__Bacteria; p__Proteobacteria; c__Gammaproteobacteria; o__SAR86_clade; f__SAR86_clade; g__SAR86_clade; s__Rhodobacteraceae_bacterium	168.0	46	V2	Staggered
924	f4ad315ec51d8bee23cb39f39bc8b019	d__Bacteria; p__Proteobacteria; c__Gammaproteobacteria; o__SAR86_clade; f__SAR86_clade; g__SAR86_clade; s__Rhodobacteraceae_bacterium	163.0	46	V2	Staggered
925	f4ad315ec51d8bee23cb39f39bc8b019	d__Bacteria; p__Proteobacteria; c__Gammaproteobacteria; o__SAR86_clade; f__SAR86_clade; g__SAR86_clade; s__Rhodobacteraceae_bacterium	387.0	46	V2	Staggered
926	f4ad315ec51d8bee23cb39f39bc8b019	d__Bacteria; p__Proteobacteria; c__Gammaproteobacteria; o__SAR86_clade; f__SAR86_clade; g__SAR86_clade; s__Rhodobacteraceae_bacterium	1775.0	46	V2	Staggered
927	f4ad315ec51d8bee23cb39f39bc8b019	d__Bacteria; p__Proteobacteria; c__Gammaproteobacteria; o__SAR86_clade; f__SAR86_clade; g__SAR86_clade; s__Rhodobacteraceae_bacterium	655.0	46	V2	Staggered
928	f4ad315ec51d8bee23cb39f39bc8b019	d__Bacteria; p__Proteobacteria; c__Gammaproteobacteria; o__SAR86_clade; f__SAR86_clade; g__SAR86_clade; s__Rhodobacteraceae_bacterium	158.0	46	V2	Staggered
929	f4ad315ec51d8bee23cb39f39bc8b019	d__Bacteria; p__Proteobacteria; c__Gammaproteobacteria; o__SAR86_clade; f__SAR86_clade; g__SAR86_clade; s__Rhodobacteraceae_bacterium	903.0	46	V2	Staggered
930	f4ad315ec51d8bee23cb39f39bc8b019	d__Bacteria; p__Proteobacteria; c__Gammaproteobacteria; o__SAR86_clade; f__SAR86_clade; g__SAR86_clade; s__Rhodobacteraceae_bacterium	660.0	46	V2	Staggered
931	f4ad315ec51d8bee23cb39f39bc8b019	d__Bacteria; p__Proteobacteria; c__Gammaproteobacteria; o__SAR86_clade; f__SAR86_clade; g__SAR86_clade; s__Rhodobacteraceae_bacterium	1501.0	46	V2	Staggered
932	f4ad315ec51d8bee23cb39f39bc8b019	d__Bacteria; p__Proteobacteria; c__Gammaproteobacteria; o__SAR86_clade; f__SAR86_clade; g__SAR86_clade; s__Rhodobacteraceae_bacterium	1641.0	46	V2	Staggered
933	f4ad315ec51d8bee23cb39f39bc8b019	d__Bacteria; p__Proteobacteria; c__Gammaproteobacteria; o__SAR86_clade; f__SAR86_clade; g__SAR86_clade; s__Rhodobacteraceae_bacterium	1754.0	46	V2	Staggered
934	f4ad315ec51d8bee23cb39f39bc8b019	d__Bacteria; p__Proteobacteria; c__Gammaproteobacteria; o__SAR86_clade; f__SAR86_clade; g__SAR86_clade; s__Rhodobacteraceae_bacterium	1528.0	46	V2	Staggered
935	f4ad315ec51d8bee23cb39f39bc8b019	d__Bacteria; p__Proteobacteria; c__Gammaproteobacteria; o__SAR86_clade; f__SAR86_clade; g__SAR86_clade; s__Rhodobacteraceae_bacterium	1515.0	46	V2	Staggered
936	f4ad315ec51d8bee23cb39f39bc8b019	d__Bacteria; p__Proteobacteria; c__Gammaproteobacteria; o__SAR86_clade; f__SAR86_clade; g__SAR86_clade; s__Rhodobacteraceae_bacterium	1481.0	46	V2	Staggered
937	f4ad315ec51d8bee23cb39f39bc8b019	d__Bacteria; p__Proteobacteria; c__Gammaproteobacteria; o__SAR86_clade; f__SAR86_clade; g__SAR86_clade; s__Rhodobacteraceae_bacterium	50.0	46	V2	Staggered
938	f4ad315ec51d8bee23cb39f39bc8b019	d__Bacteria; p__Proteobacteria; c__Gammaproteobacteria; o__SAR86_clade; f__SAR86_clade; g__SAR86_clade; s__Rhodobacteraceae_bacterium	1586.0	46	V2	Staggered
939	f4ad315ec51d8bee23cb39f39bc8b019	d__Bacteria; p__Proteobacteria; c__Gammaproteobacteria; o__SAR86_clade; f__SAR86_clade; g__SAR86_clade; s__Rhodobacteraceae_bacterium	391.0	46	V2	Staggered
940	f4ad315ec51d8bee23cb39f39bc8b019	d__Bacteria; p__Proteobacteria; c__Gammaproteobacteria; o__SAR86_clade; f__SAR86_clade; g__SAR86_clade; s__Rhodobacteraceae_bacterium	795.0	46	V2	Staggered
941	f4ad315ec51d8bee23cb39f39bc8b019	d__Bacteria; p__Proteobacteria; c__Gammaproteobacteria; o__SAR86_clade; f__SAR86_clade; g__SAR86_clade; s__Rhodobacteraceae_bacterium	1649.0	46	V2	Staggered
942	f4ad315ec51d8bee23cb39f39bc8b019	d__Bacteria; p__Proteobacteria; c__Gammaproteobacteria; o__SAR86_clade; f__SAR86_clade; g__SAR86_clade; s__Rhodobacteraceae_bacterium	653.0	46	V2	Staggered
943	f4ad315ec51d8bee23cb39f39bc8b019	d__Bacteria; p__Proteobacteria; c__Gammaproteobacteria; o__SAR86_clade; f__SAR86_clade; g__SAR86_clade; s__Rhodobacteraceae_bacterium	389.0	46	V2	Staggered
944	f4ad315ec51d8bee23cb39f39bc8b019	d__Bacteria; p__Proteobacteria; c__Gammaproteobacteria; o__SAR86_clade; f__SAR86_clade; g__SAR86_clade; s__Rhodobacteraceae_bacterium	768.0	46	V2	Staggered
945	f4ad315ec51d8bee23cb39f39bc8b019	d__Bacteria; p__Proteobacteria; c__Gammaproteobacteria; o__SAR86_clade; f__SAR86_clade; g__SAR86_clade; s__Rhodobacteraceae_bacterium	172.0	46	V2	Staggered
947	f4ad315ec51d8bee23cb39f39bc8b019	d__Bacteria; p__Proteobacteria; c__Gammaproteobacteria; o__SAR86_clade; f__SAR86_clade; g__SAR86_clade; s__Rhodobacteraceae_bacterium	393.0	46	V2	Staggered
948	f4ad315ec51d8bee23cb39f39bc8b019	d__Bacteria; p__Proteobacteria; c__Gammaproteobacteria; o__SAR86_clade; f__SAR86_clade; g__SAR86_clade; s__Rhodobacteraceae_bacterium	1600.0	46	V2	Staggered
949	f4ad315ec51d8bee23cb39f39bc8b019	d__Bacteria; p__Proteobacteria; c__Gammaproteobacteria; o__SAR86_clade; f__SAR86_clade; g__SAR86_clade; s__Rhodobacteraceae_bacterium	1103.0	46	V2	Staggered
950	f4ad315ec51d8bee23cb39f39bc8b019	d__Bacteria; p__Proteobacteria; c__Gammaproteobacteria; o__SAR86_clade; f__SAR86_clade; g__SAR86_clade; s__Rhodobacteraceae_bacterium	1742.0	46	V2	Staggered
951	f4ad315ec51d8bee23cb39f39bc8b019	d__Bacteria; p__Proteobacteria; c__Gammaproteobacteria; o__SAR86_clade; f__SAR86_clade; g__SAR86_clade; s__Rhodobacteraceae_bacterium	1461.0	46	V2	Staggered
952	f4ad315ec51d8bee23cb39f39bc8b019	d__Bacteria; p__Proteobacteria; c__Gammaproteobacteria; o__SAR86_clade; f__SAR86_clade; g__SAR86_clade; s__Rhodobacteraceae_bacterium	1717.0	46	V2	Staggered
954	f4ad315ec51d8bee23cb39f39bc8b019	d__Bacteria; p__Proteobacteria; c__Gammaproteobacteria; o__SAR86_clade; f__SAR86_clade; g__SAR86_clade; s__Rhodobacteraceae_bacterium	1059.0	46	V2	Staggered
955	f4ad315ec51d8bee23cb39f39bc8b019	d__Bacteria; p__Proteobacteria; c__Gammaproteobacteria; o__SAR86_clade; f__SAR86_clade; g__SAR86_clade; s__Rhodobacteraceae_bacterium	1629.0	46	V2	Staggered
956	f4ad315ec51d8bee23cb39f39bc8b019	d__Bacteria; p__Proteobacteria; c__Gammaproteobacteria; o__SAR86_clade; f__SAR86_clade; g__SAR86_clade; s__Rhodobacteraceae_bacterium	1340.0	46	V2	Staggered
957	f4ad315ec51d8bee23cb39f39bc8b019	d__Bacteria; p__Proteobacteria; c__Gammaproteobacteria; o__SAR86_clade; f__SAR86_clade; g__SAR86_clade; s__Rhodobacteraceae_bacterium	1604.0	46	V2	Staggered
958	f4ad315ec51d8bee23cb39f39bc8b019	d__Bacteria; p__Proteobacteria; c__Gammaproteobacteria; o__SAR86_clade; f__SAR86_clade; g__SAR86_clade; s__Rhodobacteraceae_bacterium	1719.0	46	V2	Staggered
959	f4ad315ec51d8bee23cb39f39bc8b019	d__Bacteria; p__Proteobacteria; c__Gammaproteobacteria; o__SAR86_clade; f__SAR86_clade; g__SAR86_clade; s__Rhodobacteraceae_bacterium	1843.0	46	V2	Staggered
960	f4ad315ec51d8bee23cb39f39bc8b019	d__Bacteria; p__Proteobacteria; c__Gammaproteobacteria; o__SAR86_clade; f__SAR86_clade; g__SAR86_clade; s__Rhodobacteraceae_bacterium	1421.0	46	V2	Staggered
963	f4ad315ec51d8bee23cb39f39bc8b019	d__Bacteria; p__Proteobacteria; c__Gammaproteobacteria; o__SAR86_clade; f__SAR86_clade; g__SAR86_clade; s__Rhodobacteraceae_bacterium	1332.0	46	V2	Staggered
964	f4ad315ec51d8bee23cb39f39bc8b019	d__Bacteria; p__Proteobacteria; c__Gammaproteobacteria; o__SAR86_clade; f__SAR86_clade; g__SAR86_clade; s__Rhodobacteraceae_bacterium	1720.0	46	V2	Staggered
965	f4ad315ec51d8bee23cb39f39bc8b019	d__Bacteria; p__Proteobacteria; c__Gammaproteobacteria; o__SAR86_clade; f__SAR86_clade; g__SAR86_clade; s__Rhodobacteraceae_bacterium	649.0	46	V2	Staggered
966	f4ad315ec51d8bee23cb39f39bc8b019	d__Bacteria; p__Proteobacteria; c__Gammaproteobacteria; o__SAR86_clade; f__SAR86_clade; g__SAR86_clade; s__Rhodobacteraceae_bacterium	1402.0	46	V2	Staggered
967	f4ad315ec51d8bee23cb39f39bc8b019	d__Bacteria; p__Proteobacteria; c__Gammaproteobacteria; o__SAR86_clade; f__SAR86_clade; g__SAR86_clade; s__Rhodobacteraceae_bacterium	848.0	46	V2	Staggered
968	f4ad315ec51d8bee23cb39f39bc8b019	d__Bacteria; p__Proteobacteria; c__Gammaproteobacteria; o__SAR86_clade; f__SAR86_clade; g__SAR86_clade; s__Rhodobacteraceae_bacterium	1313.0	46	V2	Staggered
969	f4ad315ec51d8bee23cb39f39bc8b019	d__Bacteria; p__Proteobacteria; c__Gammaproteobacteria; o__SAR86_clade; f__SAR86_clade; g__SAR86_clade; s__Rhodobacteraceae_bacterium	632.0	46	V2	Staggered
970	f4ad315ec51d8bee23cb39f39bc8b019	d__Bacteria; p__Proteobacteria; c__Gammaproteobacteria; o__SAR86_clade; f__SAR86_clade; g__SAR86_clade; s__Rhodobacteraceae_bacterium	1380.0	46	V2	Staggered
971	f4ad315ec51d8bee23cb39f39bc8b019	d__Bacteria; p__Proteobacteria; c__Gammaproteobacteria; o__SAR86_clade; f__SAR86_clade; g__SAR86_clade; s__Rhodobacteraceae_bacterium	876.0	46	V2	Staggered
972	f4ad315ec51d8bee23cb39f39bc8b019	d__Bacteria; p__Proteobacteria; c__Gammaproteobacteria; o__SAR86_clade; f__SAR86_clade; g__SAR86_clade; s__Rhodobacteraceae_bacterium	1777.0	46	V2	Staggered
973	f4ad315ec51d8bee23cb39f39bc8b019	d__Bacteria; p__Proteobacteria; c__Gammaproteobacteria; o__SAR86_clade; f__SAR86_clade; g__SAR86_clade; s__Rhodobacteraceae_bacterium	1357.0	46	V2	Staggered
974	f4ad315ec51d8bee23cb39f39bc8b019	d__Bacteria; p__Proteobacteria; c__Gammaproteobacteria; o__SAR86_clade; f__SAR86_clade; g__SAR86_clade; s__Rhodobacteraceae_bacterium	1625.0	46	V2	Staggered
975	f4ad315ec51d8bee23cb39f39bc8b019	d__Bacteria; p__Proteobacteria; c__Gammaproteobacteria; o__SAR86_clade; f__SAR86_clade; g__SAR86_clade; s__Rhodobacteraceae_bacterium	1695.0	46	V2	Staggered
976	f4ad315ec51d8bee23cb39f39bc8b019	d__Bacteria; p__Proteobacteria; c__Gammaproteobacteria; o__SAR86_clade; f__SAR86_clade; g__SAR86_clade; s__Rhodobacteraceae_bacterium	1431.0	46	V2	Staggered
977	f4ad315ec51d8bee23cb39f39bc8b019	d__Bacteria; p__Proteobacteria; c__Gammaproteobacteria; o__SAR86_clade; f__SAR86_clade; g__SAR86_clade; s__Rhodobacteraceae_bacterium	1238.0	46	V2	Staggered
978	f4ad315ec51d8bee23cb39f39bc8b019	d__Bacteria; p__Proteobacteria; c__Gammaproteobacteria; o__SAR86_clade; f__SAR86_clade; g__SAR86_clade; s__Rhodobacteraceae_bacterium	1806.0	46	V2	Staggered
979	f4ad315ec51d8bee23cb39f39bc8b019	d__Bacteria; p__Proteobacteria; c__Gammaproteobacteria; o__SAR86_clade; f__SAR86_clade; g__SAR86_clade; s__Rhodobacteraceae_bacterium	392.0	46	V2	Staggered
980	f4ad315ec51d8bee23cb39f39bc8b019	d__Bacteria; p__Proteobacteria; c__Gammaproteobacteria; o__SAR86_clade; f__SAR86_clade; g__SAR86_clade; s__Rhodobacteraceae_bacterium	1262.0	46	V2	Staggered
981	f4ad315ec51d8bee23cb39f39bc8b019	d__Bacteria; p__Proteobacteria; c__Gammaproteobacteria; o__SAR86_clade; f__SAR86_clade; g__SAR86_clade; s__Rhodobacteraceae_bacterium	1713.0	46	V2	Staggered
982	f4ad315ec51d8bee23cb39f39bc8b019	d__Bacteria; p__Proteobacteria; c__Gammaproteobacteria; o__SAR86_clade; f__SAR86_clade; g__SAR86_clade; s__Rhodobacteraceae_bacterium	1244.0	46	V2	Staggered
983	f4ad315ec51d8bee23cb39f39bc8b019	d__Bacteria; p__Proteobacteria; c__Gammaproteobacteria; o__SAR86_clade; f__SAR86_clade; g__SAR86_clade; s__Rhodobacteraceae_bacterium	1624.0	46	V2	Staggered
984	f4ad315ec51d8bee23cb39f39bc8b019	d__Bacteria; p__Proteobacteria; c__Gammaproteobacteria; o__SAR86_clade; f__SAR86_clade; g__SAR86_clade; s__Rhodobacteraceae_bacterium	1709.0	46	V2	Staggered
985	f4ad315ec51d8bee23cb39f39bc8b019	d__Bacteria; p__Proteobacteria; c__Gammaproteobacteria; o__SAR86_clade; f__SAR86_clade; g__SAR86_clade; s__Rhodobacteraceae_bacterium	1193.0	46	V2	Staggered
986	f4ad315ec51d8bee23cb39f39bc8b019	d__Bacteria; p__Proteobacteria; c__Gammaproteobacteria; o__SAR86_clade; f__SAR86_clade; g__SAR86_clade; s__Rhodobacteraceae_bacterium	887.0	46	V2	Staggered
987	f4ad315ec51d8bee23cb39f39bc8b019	d__Bacteria; p__Proteobacteria; c__Gammaproteobacteria; o__SAR86_clade; f__SAR86_clade; g__SAR86_clade; s__Rhodobacteraceae_bacterium	1693.0	46	V2	Staggered
989	f4ad315ec51d8bee23cb39f39bc8b019	d__Bacteria; p__Proteobacteria; c__Gammaproteobacteria; o__SAR86_clade; f__SAR86_clade; g__SAR86_clade; s__Rhodobacteraceae_bacterium	1552.0	46	V2	Staggered
990	f4ad315ec51d8bee23cb39f39bc8b019	d__Bacteria; p__Proteobacteria; c__Gammaproteobacteria; o__SAR86_clade; f__SAR86_clade; g__SAR86_clade; s__Rhodobacteraceae_bacterium	574.0	46	V2	Staggered
991	f4ad315ec51d8bee23cb39f39bc8b019	d__Bacteria; p__Proteobacteria; c__Gammaproteobacteria; o__SAR86_clade; f__SAR86_clade; g__SAR86_clade; s__Rhodobacteraceae_bacterium	659.0	46	V2	Staggered
992	f4ad315ec51d8bee23cb39f39bc8b019	d__Bacteria; p__Proteobacteria; c__Gammaproteobacteria; o__SAR86_clade; f__SAR86_clade; g__SAR86_clade; s__Rhodobacteraceae_bacterium	1634.0	46	V2	Staggered
994	f4ad315ec51d8bee23cb39f39bc8b019	d__Bacteria; p__Proteobacteria; c__Gammaproteobacteria; o__SAR86_clade; f__SAR86_clade; g__SAR86_clade; s__Rhodobacteraceae_bacterium	1603.0	46	V2	Staggered
995	f4ad315ec51d8bee23cb39f39bc8b019	d__Bacteria; p__Proteobacteria; c__Gammaproteobacteria; o__SAR86_clade; f__SAR86_clade; g__SAR86_clade; s__Rhodobacteraceae_bacterium	1498.0	46	V2	Staggered
996	f4ad315ec51d8bee23cb39f39bc8b019	d__Bacteria; p__Proteobacteria; c__Gammaproteobacteria; o__SAR86_clade; f__SAR86_clade; g__SAR86_clade; s__Rhodobacteraceae_bacterium	1279.0	46	V2	Staggered
997	f4ad315ec51d8bee23cb39f39bc8b019	d__Bacteria; p__Proteobacteria; c__Gammaproteobacteria; o__SAR86_clade; f__SAR86_clade; g__SAR86_clade; s__Rhodobacteraceae_bacterium	171.0	46	V2	Staggered
998	f4ad315ec51d8bee23cb39f39bc8b019	d__Bacteria; p__Proteobacteria; c__Gammaproteobacteria; o__SAR86_clade; f__SAR86_clade; g__SAR86_clade; s__Rhodobacteraceae_bacterium	369.0	46	V2	Staggered
999	f4ad315ec51d8bee23cb39f39bc8b019	d__Bacteria; p__Proteobacteria; c__Gammaproteobacteria; o__SAR86_clade; f__SAR86_clade; g__SAR86_clade; s__Rhodobacteraceae_bacterium	52.0	46	V2	Staggered
1000	f4ad315ec51d8bee23cb39f39bc8b019	d__Bacteria; p__Proteobacteria; c__Gammaproteobacteria; o__SAR86_clade; f__SAR86_clade; g__SAR86_clade; s__Rhodobacteraceae_bacterium	360.0	46	V2	Staggered
1001	f4ad315ec51d8bee23cb39f39bc8b019	d__Bacteria; p__Proteobacteria; c__Gammaproteobacteria; o__SAR86_clade; f__SAR86_clade; g__SAR86_clade; s__Rhodobacteraceae_bacterium	1787.0	46	V2	Staggered
1002	f4ad315ec51d8bee23cb39f39bc8b019	d__Bacteria; p__Proteobacteria; c__Gammaproteobacteria; o__SAR86_clade; f__SAR86_clade; g__SAR86_clade; s__Rhodobacteraceae_bacterium	894.0	46	V2	Staggered
1003	f4ad315ec51d8bee23cb39f39bc8b019	d__Bacteria; p__Proteobacteria; c__Gammaproteobacteria; o__SAR86_clade; f__SAR86_clade; g__SAR86_clade; s__Rhodobacteraceae_bacterium	1839.0	46	V2	Staggered
1004	f4ad315ec51d8bee23cb39f39bc8b019	d__Bacteria; p__Proteobacteria; c__Gammaproteobacteria; o__SAR86_clade; f__SAR86_clade; g__SAR86_clade; s__Rhodobacteraceae_bacterium	898.0	46	V2	Staggered
1005	f4ad315ec51d8bee23cb39f39bc8b019	d__Bacteria; p__Proteobacteria; c__Gammaproteobacteria; o__SAR86_clade; f__SAR86_clade; g__SAR86_clade; s__Rhodobacteraceae_bacterium	1818.0	46	V2	Staggered
1006	f4ad315ec51d8bee23cb39f39bc8b019	d__Bacteria; p__Proteobacteria; c__Gammaproteobacteria; o__SAR86_clade; f__SAR86_clade; g__SAR86_clade; s__Rhodobacteraceae_bacterium	381.0	46	V2	Staggered
1007	f4ad315ec51d8bee23cb39f39bc8b019	d__Bacteria; p__Proteobacteria; c__Gammaproteobacteria; o__SAR86_clade; f__SAR86_clade; g__SAR86_clade; s__Rhodobacteraceae_bacterium	169.0	46	V2	Staggered
1008	f4ad315ec51d8bee23cb39f39bc8b019	d__Bacteria; p__Proteobacteria; c__Gammaproteobacteria; o__SAR86_clade; f__SAR86_clade; g__SAR86_clade; s__Rhodobacteraceae_bacterium	174.0	46	V2	Staggered
1009	f4ad315ec51d8bee23cb39f39bc8b019	d__Bacteria; p__Proteobacteria; c__Gammaproteobacteria; o__SAR86_clade; f__SAR86_clade; g__SAR86_clade; s__Rhodobacteraceae_bacterium	1285.0	46	V2	Staggered
1010	f4ad315ec51d8bee23cb39f39bc8b019	d__Bacteria; p__Proteobacteria; c__Gammaproteobacteria; o__SAR86_clade; f__SAR86_clade; g__SAR86_clade; s__Rhodobacteraceae_bacterium	1853.0	46	V2	Staggered
1011	f4ad315ec51d8bee23cb39f39bc8b019	d__Bacteria; p__Proteobacteria; c__Gammaproteobacteria; o__SAR86_clade; f__SAR86_clade; g__SAR86_clade; s__Rhodobacteraceae_bacterium	1362.0	46	V2	Staggered
1012	f4ad315ec51d8bee23cb39f39bc8b019	d__Bacteria; p__Proteobacteria; c__Gammaproteobacteria; o__SAR86_clade; f__SAR86_clade; g__SAR86_clade; s__Rhodobacteraceae_bacterium	1667.0	46	V2	Staggered
1013	f4ad315ec51d8bee23cb39f39bc8b019	d__Bacteria; p__Proteobacteria; c__Gammaproteobacteria; o__SAR86_clade; f__SAR86_clade; g__SAR86_clade; s__Rhodobacteraceae_bacterium	1437.0	46	V2	Staggered
1476	3364c1abe2da495344ebee0edb9d1964	d__Bacteria; p__Proteobacteria; c__Gammaproteobacteria; o__SAR86_clade; f__SAR86_clade; g__SAR86_clade; s__Rhodobacteraceae_bacterium	0.0	46	V2	Staggered
1773	0b1c2b9ed02095f223b442c9bdd35006	d__Bacteria; p__Proteobacteria; c__Alphaproteobacteria; o__Rhodospirillales; f__AEGEAN-169_marine_group; g__AEGEAN-169_marine_group; s__metagenome	851.0	46	V2	Staggered
1774	0b1c2b9ed02095f223b442c9bdd35006	d__Bacteria; p__Proteobacteria; c__Alphaproteobacteria; o__Rhodospirillales; f__AEGEAN-169_marine_group; g__AEGEAN-169_marine_group; s__metagenome	776.0	46	V2	Staggered
1775	0b1c2b9ed02095f223b442c9bdd35006	d__Bacteria; p__Proteobacteria; c__Alphaproteobacteria; o__Rhodospirillales; f__AEGEAN-169_marine_group; g__AEGEAN-169_marine_group; s__metagenome	982.0	46	V2	Staggered
1776	0b1c2b9ed02095f223b442c9bdd35006	d__Bacteria; p__Proteobacteria; c__Alphaproteobacteria; o__Rhodospirillales; f__AEGEAN-169_marine_group; g__AEGEAN-169_marine_group; s__metagenome	870.0	46	V2	Staggered
1777	0b1c2b9ed02095f223b442c9bdd35006	d__Bacteria; p__Proteobacteria; c__Alphaproteobacteria; o__Rhodospirillales; f__AEGEAN-169_marine_group; g__AEGEAN-169_marine_group; s__metagenome	1061.0	46	V2	Staggered
1778	0b1c2b9ed02095f223b442c9bdd35006	d__Bacteria; p__Proteobacteria; c__Alphaproteobacteria; o__Rhodospirillales; f__AEGEAN-169_marine_group; g__AEGEAN-169_marine_group; s__metagenome	3.0	46	V2	Staggered
1779	0b1c2b9ed02095f223b442c9bdd35006	d__Bacteria; p__Proteobacteria; c__Alphaproteobacteria; o__Rhodospirillales; f__AEGEAN-169_marine_group; g__AEGEAN-169_marine_group; s__metagenome	900.0	46	V2	Staggered
1780	0b1c2b9ed02095f223b442c9bdd35006	d__Bacteria; p__Proteobacteria; c__Alphaproteobacteria; o__Rhodospirillales; f__AEGEAN-169_marine_group; g__AEGEAN-169_marine_group; s__metagenome	992.0	46	V2	Staggered
1781	0b1c2b9ed02095f223b442c9bdd35006	d__Bacteria; p__Proteobacteria; c__Alphaproteobacteria; o__Rhodospirillales; f__AEGEAN-169_marine_group; g__AEGEAN-169_marine_group; s__metagenome	8.0	46	V2	Staggered
1782	0b1c2b9ed02095f223b442c9bdd35006	d__Bacteria; p__Proteobacteria; c__Alphaproteobacteria; o__Rhodospirillales; f__AEGEAN-169_marine_group; g__AEGEAN-169_marine_group; s__metagenome	610.0	46	V2	Staggered
1783	0b1c2b9ed02095f223b442c9bdd35006	d__Bacteria; p__Proteobacteria; c__Alphaproteobacteria; o__Rhodospirillales; f__AEGEAN-169_marine_group; g__AEGEAN-169_marine_group; s__metagenome	822.0	46	V2	Staggered
1784	0b1c2b9ed02095f223b442c9bdd35006	d__Bacteria; p__Proteobacteria; c__Alphaproteobacteria; o__Rhodospirillales; f__AEGEAN-169_marine_group; g__AEGEAN-169_marine_group; s__metagenome	607.0	46	V2	Staggered
1785	0b1c2b9ed02095f223b442c9bdd35006	d__Bacteria; p__Proteobacteria; c__Alphaproteobacteria; o__Rhodospirillales; f__AEGEAN-169_marine_group; g__AEGEAN-169_marine_group; s__metagenome	1220.0	46	V2	Staggered
1786	0b1c2b9ed02095f223b442c9bdd35006	d__Bacteria; p__Proteobacteria; c__Alphaproteobacteria; o__Rhodospirillales; f__AEGEAN-169_marine_group; g__AEGEAN-169_marine_group; s__metagenome	336.0	46	V2	Staggered
1787	0b1c2b9ed02095f223b442c9bdd35006	d__Bacteria; p__Proteobacteria; c__Alphaproteobacteria; o__Rhodospirillales; f__AEGEAN-169_marine_group; g__AEGEAN-169_marine_group; s__metagenome	781.0	46	V2	Staggered
1788	0b1c2b9ed02095f223b442c9bdd35006	d__Bacteria; p__Proteobacteria; c__Alphaproteobacteria; o__Rhodospirillales; f__AEGEAN-169_marine_group; g__AEGEAN-169_marine_group; s__metagenome	193.0	46	V2	Staggered
1789	0b1c2b9ed02095f223b442c9bdd35006	d__Bacteria; p__Proteobacteria; c__Alphaproteobacteria; o__Rhodospirillales; f__AEGEAN-169_marine_group; g__AEGEAN-169_marine_group; s__metagenome	338.0	46	V2	Staggered
1790	0b1c2b9ed02095f223b442c9bdd35006	d__Bacteria; p__Proteobacteria; c__Alphaproteobacteria; o__Rhodospirillales; f__AEGEAN-169_marine_group; g__AEGEAN-169_marine_group; s__metagenome	86.0	46	V2	Staggered
1791	0b1c2b9ed02095f223b442c9bdd35006	d__Bacteria; p__Proteobacteria; c__Alphaproteobacteria; o__Rhodospirillales; f__AEGEAN-169_marine_group; g__AEGEAN-169_marine_group; s__metagenome	81.0	46	V2	Staggered
1792	0b1c2b9ed02095f223b442c9bdd35006	d__Bacteria; p__Proteobacteria; c__Alphaproteobacteria; o__Rhodospirillales; f__AEGEAN-169_marine_group; g__AEGEAN-169_marine_group; s__metagenome	194.0	46	V2	Staggered
1793	0b1c2b9ed02095f223b442c9bdd35006	d__Bacteria; p__Proteobacteria; c__Alphaproteobacteria; o__Rhodospirillales; f__AEGEAN-169_marine_group; g__AEGEAN-169_marine_group; s__metagenome	1242.0	46	V2	Staggered
1794	0b1c2b9ed02095f223b442c9bdd35006	d__Bacteria; p__Proteobacteria; c__Alphaproteobacteria; o__Rhodospirillales; f__AEGEAN-169_marine_group; g__AEGEAN-169_marine_group; s__metagenome	335.0	46	V2	Staggered
1795	0b1c2b9ed02095f223b442c9bdd35006	d__Bacteria; p__Proteobacteria; c__Alphaproteobacteria; o__Rhodospirillales; f__AEGEAN-169_marine_group; g__AEGEAN-169_marine_group; s__metagenome	80.0	46	V2	Staggered
1796	0b1c2b9ed02095f223b442c9bdd35006	d__Bacteria; p__Proteobacteria; c__Alphaproteobacteria; o__Rhodospirillales; f__AEGEAN-169_marine_group; g__AEGEAN-169_marine_group; s__metagenome	339.0	46	V2	Staggered
1797	0b1c2b9ed02095f223b442c9bdd35006	d__Bacteria; p__Proteobacteria; c__Alphaproteobacteria; o__Rhodospirillales; f__AEGEAN-169_marine_group; g__AEGEAN-169_marine_group; s__metagenome	1069.0	46	V2	Staggered
1798	0b1c2b9ed02095f223b442c9bdd35006	d__Bacteria; p__Proteobacteria; c__Alphaproteobacteria; o__Rhodospirillales; f__AEGEAN-169_marine_group; g__AEGEAN-169_marine_group; s__metagenome	1193.0	46	V2	Staggered
1799	0b1c2b9ed02095f223b442c9bdd35006	d__Bacteria; p__Proteobacteria; c__Alphaproteobacteria; o__Rhodospirillales; f__AEGEAN-169_marine_group; g__AEGEAN-169_marine_group; s__metagenome	1035.0	46	V2	Staggered
1800	0b1c2b9ed02095f223b442c9bdd35006	d__Bacteria; p__Proteobacteria; c__Alphaproteobacteria; o__Rhodospirillales; f__AEGEAN-169_marine_group; g__AEGEAN-169_marine_group; s__metagenome	1010.0	46	V2	Staggered
1801	0b1c2b9ed02095f223b442c9bdd35006	d__Bacteria; p__Proteobacteria; c__Alphaproteobacteria; o__Rhodospirillales; f__AEGEAN-169_marine_group; g__AEGEAN-169_marine_group; s__metagenome	976.0	46	V2	Staggered
1802	0b1c2b9ed02095f223b442c9bdd35006	d__Bacteria; p__Proteobacteria; c__Alphaproteobacteria; o__Rhodospirillales; f__AEGEAN-169_marine_group; g__AEGEAN-169_marine_group; s__metagenome	778.0	46	V2	Staggered
1803	0b1c2b9ed02095f223b442c9bdd35006	d__Bacteria; p__Proteobacteria; c__Alphaproteobacteria; o__Rhodospirillales; f__AEGEAN-169_marine_group; g__AEGEAN-169_marine_group; s__metagenome	1048.0	46	V2	Staggered
1804	0b1c2b9ed02095f223b442c9bdd35006	d__Bacteria; p__Proteobacteria; c__Alphaproteobacteria; o__Rhodospirillales; f__AEGEAN-169_marine_group; g__AEGEAN-169_marine_group; s__metagenome	197.0	46	V2	Staggered
1805	0b1c2b9ed02095f223b442c9bdd35006	d__Bacteria; p__Proteobacteria; c__Alphaproteobacteria; o__Rhodospirillales; f__AEGEAN-169_marine_group; g__AEGEAN-169_marine_group; s__metagenome	517.0	46	V2	Staggered
1806	0b1c2b9ed02095f223b442c9bdd35006	d__Bacteria; p__Proteobacteria; c__Alphaproteobacteria; o__Rhodospirillales; f__AEGEAN-169_marine_group; g__AEGEAN-169_marine_group; s__metagenome	1129.0	46	V2	Staggered
1807	0b1c2b9ed02095f223b442c9bdd35006	d__Bacteria; p__Proteobacteria; c__Alphaproteobacteria; o__Rhodospirillales; f__AEGEAN-169_marine_group; g__AEGEAN-169_marine_group; s__metagenome	332.0	46	V2	Staggered
1808	0b1c2b9ed02095f223b442c9bdd35006	d__Bacteria; p__Proteobacteria; c__Alphaproteobacteria; o__Rhodospirillales; f__AEGEAN-169_marine_group; g__AEGEAN-169_marine_group; s__metagenome	195.0	46	V2	Staggered
1809	0b1c2b9ed02095f223b442c9bdd35006	d__Bacteria; p__Proteobacteria; c__Alphaproteobacteria; o__Rhodospirillales; f__AEGEAN-169_marine_group; g__AEGEAN-169_marine_group; s__metagenome	492.0	46	V2	Staggered
1810	0b1c2b9ed02095f223b442c9bdd35006	d__Bacteria; p__Proteobacteria; c__Alphaproteobacteria; o__Rhodospirillales; f__AEGEAN-169_marine_group; g__AEGEAN-169_marine_group; s__metagenome	88.0	46	V2	Staggered
1811	0b1c2b9ed02095f223b442c9bdd35006	d__Bacteria; p__Proteobacteria; c__Alphaproteobacteria; o__Rhodospirillales; f__AEGEAN-169_marine_group; g__AEGEAN-169_marine_group; s__metagenome	89.0	46	V2	Staggered
1812	0b1c2b9ed02095f223b442c9bdd35006	d__Bacteria; p__Proteobacteria; c__Alphaproteobacteria; o__Rhodospirillales; f__AEGEAN-169_marine_group; g__AEGEAN-169_marine_group; s__metagenome	1054.0	46	V2	Staggered
1813	0b1c2b9ed02095f223b442c9bdd35006	d__Bacteria; p__Proteobacteria; c__Alphaproteobacteria; o__Rhodospirillales; f__AEGEAN-169_marine_group; g__AEGEAN-169_marine_group; s__metagenome	647.0	46	V2	Staggered
1814	0b1c2b9ed02095f223b442c9bdd35006	d__Bacteria; p__Proteobacteria; c__Alphaproteobacteria; o__Rhodospirillales; f__AEGEAN-169_marine_group; g__AEGEAN-169_marine_group; s__metagenome	1183.0	46	V2	Staggered
1815	0b1c2b9ed02095f223b442c9bdd35006	d__Bacteria; p__Proteobacteria; c__Alphaproteobacteria; o__Rhodospirillales; f__AEGEAN-169_marine_group; g__AEGEAN-169_marine_group; s__metagenome	956.0	46	V2	Staggered
1816	0b1c2b9ed02095f223b442c9bdd35006	d__Bacteria; p__Proteobacteria; c__Alphaproteobacteria; o__Rhodospirillales; f__AEGEAN-169_marine_group; g__AEGEAN-169_marine_group; s__metagenome	1206.0	46	V2	Staggered
1817	0b1c2b9ed02095f223b442c9bdd35006	d__Bacteria; p__Proteobacteria; c__Alphaproteobacteria; o__Rhodospirillales; f__AEGEAN-169_marine_group; g__AEGEAN-169_marine_group; s__metagenome	1096.0	46	V2	Staggered
1818	0b1c2b9ed02095f223b442c9bdd35006	d__Bacteria; p__Proteobacteria; c__Alphaproteobacteria; o__Rhodospirillales; f__AEGEAN-169_marine_group; g__AEGEAN-169_marine_group; s__metagenome	615.0	46	V2	Staggered
1819	0b1c2b9ed02095f223b442c9bdd35006	d__Bacteria; p__Proteobacteria; c__Alphaproteobacteria; o__Rhodospirillales; f__AEGEAN-169_marine_group; g__AEGEAN-169_marine_group; s__metagenome	0.0	46	V2	Staggered
1820	0b1c2b9ed02095f223b442c9bdd35006	d__Bacteria; p__Proteobacteria; c__Alphaproteobacteria; o__Rhodospirillales; f__AEGEAN-169_marine_group; g__AEGEAN-169_marine_group; s__metagenome	1108.0	46	V2	Staggered
1821	0b1c2b9ed02095f223b442c9bdd35006	d__Bacteria; p__Proteobacteria; c__Alphaproteobacteria; o__Rhodospirillales; f__AEGEAN-169_marine_group; g__AEGEAN-169_marine_group; s__metagenome	844.0	46	V2	Staggered
1822	0b1c2b9ed02095f223b442c9bdd35006	d__Bacteria; p__Proteobacteria; c__Alphaproteobacteria; o__Rhodospirillales; f__AEGEAN-169_marine_group; g__AEGEAN-169_marine_group; s__metagenome	1088.0	46	V2	Staggered
1823	0b1c2b9ed02095f223b442c9bdd35006	d__Bacteria; p__Proteobacteria; c__Alphaproteobacteria; o__Rhodospirillales; f__AEGEAN-169_marine_group; g__AEGEAN-169_marine_group; s__metagenome	1212.0	46	V2	Staggered
1824	0b1c2b9ed02095f223b442c9bdd35006	d__Bacteria; p__Proteobacteria; c__Alphaproteobacteria; o__Rhodospirillales; f__AEGEAN-169_marine_group; g__AEGEAN-169_marine_group; s__metagenome	1244.0	46	V2	Staggered
1825	0b1c2b9ed02095f223b442c9bdd35006	d__Bacteria; p__Proteobacteria; c__Alphaproteobacteria; o__Rhodospirillales; f__AEGEAN-169_marine_group; g__AEGEAN-169_marine_group; s__metagenome	935.0	46	V2	Staggered
1826	0b1c2b9ed02095f223b442c9bdd35006	d__Bacteria; p__Proteobacteria; c__Alphaproteobacteria; o__Rhodospirillales; f__AEGEAN-169_marine_group; g__AEGEAN-169_marine_group; s__metagenome	893.0	46	V2	Staggered
1827	0b1c2b9ed02095f223b442c9bdd35006	d__Bacteria; p__Proteobacteria; c__Alphaproteobacteria; o__Rhodospirillales; f__AEGEAN-169_marine_group; g__AEGEAN-169_marine_group; s__metagenome	708.0	46	V2	Staggered
1828	0b1c2b9ed02095f223b442c9bdd35006	d__Bacteria; p__Proteobacteria; c__Alphaproteobacteria; o__Rhodospirillales; f__AEGEAN-169_marine_group; g__AEGEAN-169_marine_group; s__metagenome	840.0	46	V2	Staggered
1829	0b1c2b9ed02095f223b442c9bdd35006	d__Bacteria; p__Proteobacteria; c__Alphaproteobacteria; o__Rhodospirillales; f__AEGEAN-169_marine_group; g__AEGEAN-169_marine_group; s__metagenome	196.0	46	V2	Staggered
1830	0b1c2b9ed02095f223b442c9bdd35006	d__Bacteria; p__Proteobacteria; c__Alphaproteobacteria; o__Rhodospirillales; f__AEGEAN-169_marine_group; g__AEGEAN-169_marine_group; s__metagenome	1178.0	46	V2	Staggered
1831	0b1c2b9ed02095f223b442c9bdd35006	d__Bacteria; p__Proteobacteria; c__Alphaproteobacteria; o__Rhodospirillales; f__AEGEAN-169_marine_group; g__AEGEAN-169_marine_group; s__metagenome	331.0	46	V2	Staggered
1832	0b1c2b9ed02095f223b442c9bdd35006	d__Bacteria; p__Proteobacteria; c__Alphaproteobacteria; o__Rhodospirillales; f__AEGEAN-169_marine_group; g__AEGEAN-169_marine_group; s__metagenome	890.0	46	V2	Staggered
1833	0b1c2b9ed02095f223b442c9bdd35006	d__Bacteria; p__Proteobacteria; c__Alphaproteobacteria; o__Rhodospirillales; f__AEGEAN-169_marine_group; g__AEGEAN-169_marine_group; s__metagenome	565.0	46	V2	Staggered
1834	0b1c2b9ed02095f223b442c9bdd35006	d__Bacteria; p__Proteobacteria; c__Alphaproteobacteria; o__Rhodospirillales; f__AEGEAN-169_marine_group; g__AEGEAN-169_marine_group; s__metagenome	831.0	46	V2	Staggered
1835	0b1c2b9ed02095f223b442c9bdd35006	d__Bacteria; p__Proteobacteria; c__Alphaproteobacteria; o__Rhodospirillales; f__AEGEAN-169_marine_group; g__AEGEAN-169_marine_group; s__metagenome	319.0	46	V2	Staggered
1836	0b1c2b9ed02095f223b442c9bdd35006	d__Bacteria; p__Proteobacteria; c__Alphaproteobacteria; o__Rhodospirillales; f__AEGEAN-169_marine_group; g__AEGEAN-169_marine_group; s__metagenome	878.0	46	V2	Staggered
1837	0b1c2b9ed02095f223b442c9bdd35006	d__Bacteria; p__Proteobacteria; c__Alphaproteobacteria; o__Rhodospirillales; f__AEGEAN-169_marine_group; g__AEGEAN-169_marine_group; s__metagenome	594.0	46	V2	Staggered
1838	0b1c2b9ed02095f223b442c9bdd35006	d__Bacteria; p__Proteobacteria; c__Alphaproteobacteria; o__Rhodospirillales; f__AEGEAN-169_marine_group; g__AEGEAN-169_marine_group; s__metagenome	1211.0	46	V2	Staggered
1839	0b1c2b9ed02095f223b442c9bdd35006	d__Bacteria; p__Proteobacteria; c__Alphaproteobacteria; o__Rhodospirillales; f__AEGEAN-169_marine_group; g__AEGEAN-169_marine_group; s__metagenome	846.0	46	V2	Staggered
1840	0b1c2b9ed02095f223b442c9bdd35006	d__Bacteria; p__Proteobacteria; c__Alphaproteobacteria; o__Rhodospirillales; f__AEGEAN-169_marine_group; g__AEGEAN-169_marine_group; s__metagenome	1106.0	46	V2	Staggered
1841	0b1c2b9ed02095f223b442c9bdd35006	d__Bacteria; p__Proteobacteria; c__Alphaproteobacteria; o__Rhodospirillales; f__AEGEAN-169_marine_group; g__AEGEAN-169_marine_group; s__metagenome	1181.0	46	V2	Staggered
1842	0b1c2b9ed02095f223b442c9bdd35006	d__Bacteria; p__Proteobacteria; c__Alphaproteobacteria; o__Rhodospirillales; f__AEGEAN-169_marine_group; g__AEGEAN-169_marine_group; s__metagenome	873.0	46	V2	Staggered
1843	0b1c2b9ed02095f223b442c9bdd35006	d__Bacteria; p__Proteobacteria; c__Alphaproteobacteria; o__Rhodospirillales; f__AEGEAN-169_marine_group; g__AEGEAN-169_marine_group; s__metagenome	895.0	46	V2	Staggered
1844	0b1c2b9ed02095f223b442c9bdd35006	d__Bacteria; p__Proteobacteria; c__Alphaproteobacteria; o__Rhodospirillales; f__AEGEAN-169_marine_group; g__AEGEAN-169_marine_group; s__metagenome	751.0	46	V2	Staggered
1845	0b1c2b9ed02095f223b442c9bdd35006	d__Bacteria; p__Proteobacteria; c__Alphaproteobacteria; o__Rhodospirillales; f__AEGEAN-169_marine_group; g__AEGEAN-169_marine_group; s__metagenome	1226.0	46	V2	Staggered
1846	0b1c2b9ed02095f223b442c9bdd35006	d__Bacteria; p__Proteobacteria; c__Alphaproteobacteria; o__Rhodospirillales; f__AEGEAN-169_marine_group; g__AEGEAN-169_marine_group; s__metagenome	757.0	46	V2	Staggered
1847	0b1c2b9ed02095f223b442c9bdd35006	d__Bacteria; p__Proteobacteria; c__Alphaproteobacteria; o__Rhodospirillales; f__AEGEAN-169_marine_group; g__AEGEAN-169_marine_group; s__metagenome	1171.0	46	V2	Staggered
1848	0b1c2b9ed02095f223b442c9bdd35006	d__Bacteria; p__Proteobacteria; c__Alphaproteobacteria; o__Rhodospirillales; f__AEGEAN-169_marine_group; g__AEGEAN-169_marine_group; s__metagenome	765.0	46	V2	Staggered
1849	0b1c2b9ed02095f223b442c9bdd35006	d__Bacteria; p__Proteobacteria; c__Alphaproteobacteria; o__Rhodospirillales; f__AEGEAN-169_marine_group; g__AEGEAN-169_marine_group; s__metagenome	1060.0	46	V2	Staggered
1850	0b1c2b9ed02095f223b442c9bdd35006	d__Bacteria; p__Proteobacteria; c__Alphaproteobacteria; o__Rhodospirillales; f__AEGEAN-169_marine_group; g__AEGEAN-169_marine_group; s__metagenome	1199.0	46	V2	Staggered
1851	0b1c2b9ed02095f223b442c9bdd35006	d__Bacteria; p__Proteobacteria; c__Alphaproteobacteria; o__Rhodospirillales; f__AEGEAN-169_marine_group; g__AEGEAN-169_marine_group; s__metagenome	1100.0	46	V2	Staggered
1852	0b1c2b9ed02095f223b442c9bdd35006	d__Bacteria; p__Proteobacteria; c__Alphaproteobacteria; o__Rhodospirillales; f__AEGEAN-169_marine_group; g__AEGEAN-169_marine_group; s__metagenome	726.0	46	V2	Staggered
1853	0b1c2b9ed02095f223b442c9bdd35006	d__Bacteria; p__Proteobacteria; c__Alphaproteobacteria; o__Rhodospirillales; f__AEGEAN-169_marine_group; g__AEGEAN-169_marine_group; s__metagenome	593.0	46	V2	Staggered
1854	0b1c2b9ed02095f223b442c9bdd35006	d__Bacteria; p__Proteobacteria; c__Alphaproteobacteria; o__Rhodospirillales; f__AEGEAN-169_marine_group; g__AEGEAN-169_marine_group; s__metagenome	1160.0	46	V2	Staggered
1855	0b1c2b9ed02095f223b442c9bdd35006	d__Bacteria; p__Proteobacteria; c__Alphaproteobacteria; o__Rhodospirillales; f__AEGEAN-169_marine_group; g__AEGEAN-169_marine_group; s__metagenome	296.0	46	V2	Staggered
1856	0b1c2b9ed02095f223b442c9bdd35006	d__Bacteria; p__Proteobacteria; c__Alphaproteobacteria; o__Rhodospirillales; f__AEGEAN-169_marine_group; g__AEGEAN-169_marine_group; s__metagenome	1027.0	46	V2	Staggered
1857	0b1c2b9ed02095f223b442c9bdd35006	d__Bacteria; p__Proteobacteria; c__Alphaproteobacteria; o__Rhodospirillales; f__AEGEAN-169_marine_group; g__AEGEAN-169_marine_group; s__metagenome	283.0	46	V2	Staggered
1858	0b1c2b9ed02095f223b442c9bdd35006	d__Bacteria; p__Proteobacteria; c__Alphaproteobacteria; o__Rhodospirillales; f__AEGEAN-169_marine_group; g__AEGEAN-169_marine_group; s__metagenome	780.0	46	V2	Staggered
1859	0b1c2b9ed02095f223b442c9bdd35006	d__Bacteria; p__Proteobacteria; c__Alphaproteobacteria; o__Rhodospirillales; f__AEGEAN-169_marine_group; g__AEGEAN-169_marine_group; s__metagenome	1065.0	46	V2	Staggered
1860	0b1c2b9ed02095f223b442c9bdd35006	d__Bacteria; p__Proteobacteria; c__Alphaproteobacteria; o__Rhodospirillales; f__AEGEAN-169_marine_group; g__AEGEAN-169_marine_group; s__metagenome	1102.0	46	V2	Staggered
1861	0b1c2b9ed02095f223b442c9bdd35006	d__Bacteria; p__Proteobacteria; c__Alphaproteobacteria; o__Rhodospirillales; f__AEGEAN-169_marine_group; g__AEGEAN-169_marine_group; s__metagenome	990.0	46	V2	Staggered
1862	0b1c2b9ed02095f223b442c9bdd35006	d__Bacteria; p__Proteobacteria; c__Alphaproteobacteria; o__Rhodospirillales; f__AEGEAN-169_marine_group; g__AEGEAN-169_marine_group; s__metagenome	768.0	46	V2	Staggered
1863	0b1c2b9ed02095f223b442c9bdd35006	d__Bacteria; p__Proteobacteria; c__Alphaproteobacteria; o__Rhodospirillales; f__AEGEAN-169_marine_group; g__AEGEAN-169_marine_group; s__metagenome	177.0	46	V2	Staggered
1864	0b1c2b9ed02095f223b442c9bdd35006	d__Bacteria; p__Proteobacteria; c__Alphaproteobacteria; o__Rhodospirillales; f__AEGEAN-169_marine_group; g__AEGEAN-169_marine_group; s__metagenome	609.0	46	V2	Staggered
1865	0b1c2b9ed02095f223b442c9bdd35006	d__Bacteria; p__Proteobacteria; c__Alphaproteobacteria; o__Rhodospirillales; f__AEGEAN-169_marine_group; g__AEGEAN-169_marine_group; s__metagenome	169.0	46	V2	Staggered
1866	0b1c2b9ed02095f223b442c9bdd35006	d__Bacteria; p__Proteobacteria; c__Alphaproteobacteria; o__Rhodospirillales; f__AEGEAN-169_marine_group; g__AEGEAN-169_marine_group; s__metagenome	1252.0	46	V2	Staggered
1867	0b1c2b9ed02095f223b442c9bdd35006	d__Bacteria; p__Proteobacteria; c__Alphaproteobacteria; o__Rhodospirillales; f__AEGEAN-169_marine_group; g__AEGEAN-169_marine_group; s__metagenome	601.0	46	V2	Staggered
1868	0b1c2b9ed02095f223b442c9bdd35006	d__Bacteria; p__Proteobacteria; c__Alphaproteobacteria; o__Rhodospirillales; f__AEGEAN-169_marine_group; g__AEGEAN-169_marine_group; s__metagenome	1280.0	46	V2	Staggered
1869	0b1c2b9ed02095f223b442c9bdd35006	d__Bacteria; p__Proteobacteria; c__Alphaproteobacteria; o__Rhodospirillales; f__AEGEAN-169_marine_group; g__AEGEAN-169_marine_group; s__metagenome	605.0	46	V2	Staggered
1870	0b1c2b9ed02095f223b442c9bdd35006	d__Bacteria; p__Proteobacteria; c__Alphaproteobacteria; o__Rhodospirillales; f__AEGEAN-169_marine_group; g__AEGEAN-169_marine_group; s__metagenome	1257.0	46	V2	Staggered
1871	0b1c2b9ed02095f223b442c9bdd35006	d__Bacteria; p__Proteobacteria; c__Alphaproteobacteria; o__Rhodospirillales; f__AEGEAN-169_marine_group; g__AEGEAN-169_marine_group; s__metagenome	188.0	46	V2	Staggered
1872	0b1c2b9ed02095f223b442c9bdd35006	d__Bacteria; p__Proteobacteria; c__Alphaproteobacteria; o__Rhodospirillales; f__AEGEAN-169_marine_group; g__AEGEAN-169_marine_group; s__metagenome	87.0	46	V2	Staggered
1873	0b1c2b9ed02095f223b442c9bdd35006	d__Bacteria; p__Proteobacteria; c__Alphaproteobacteria; o__Rhodospirillales; f__AEGEAN-169_marine_group; g__AEGEAN-169_marine_group; s__metagenome	774.0	46	V2	Staggered
1874	0b1c2b9ed02095f223b442c9bdd35006	d__Bacteria; p__Proteobacteria; c__Alphaproteobacteria; o__Rhodospirillales; f__AEGEAN-169_marine_group; g__AEGEAN-169_marine_group; s__metagenome	1281.0	46	V2	Staggered
1875	0b1c2b9ed02095f223b442c9bdd35006	d__Bacteria; p__Proteobacteria; c__Alphaproteobacteria; o__Rhodospirillales; f__AEGEAN-169_marine_group; g__AEGEAN-169_marine_group; s__metagenome	985.0	46	V2	Staggered
1876	0b1c2b9ed02095f223b442c9bdd35006	d__Bacteria; p__Proteobacteria; c__Alphaproteobacteria; o__Rhodospirillales; f__AEGEAN-169_marine_group; g__AEGEAN-169_marine_group; s__metagenome	848.0	46	V2	Staggered
1877	0b1c2b9ed02095f223b442c9bdd35006	d__Bacteria; p__Proteobacteria; c__Alphaproteobacteria; o__Rhodospirillales; f__AEGEAN-169_marine_group; g__AEGEAN-169_marine_group; s__metagenome	1144.0	46	V2	Staggered
1878	0b1c2b9ed02095f223b442c9bdd35006	d__Bacteria; p__Proteobacteria; c__Alphaproteobacteria; o__Rhodospirillales; f__AEGEAN-169_marine_group; g__AEGEAN-169_marine_group; s__metagenome	829.0	46	V2	Staggered
1879	0b1c2b9ed02095f223b442c9bdd35006	d__Bacteria; p__Proteobacteria; c__Alphaproteobacteria; o__Rhodospirillales; f__AEGEAN-169_marine_group; g__AEGEAN-169_marine_group; s__metagenome	897.0	46	V2	Staggered
1880	0b1c2b9ed02095f223b442c9bdd35006	d__Bacteria; p__Proteobacteria; c__Alphaproteobacteria; o__Rhodospirillales; f__AEGEAN-169_marine_group; g__AEGEAN-169_marine_group; s__metagenome	784.0	46	V2	Staggered
1881	0b1c2b9ed02095f223b442c9bdd35006	d__Bacteria; p__Proteobacteria; c__Alphaproteobacteria; o__Rhodospirillales; f__AEGEAN-169_marine_group; g__AEGEAN-169_marine_group; s__metagenome	739.0	46	V2	Staggered
1882	0b1c2b9ed02095f223b442c9bdd35006	d__Bacteria; p__Proteobacteria; c__Alphaproteobacteria; o__Rhodospirillales; f__AEGEAN-169_marine_group; g__AEGEAN-169_marine_group; s__metagenome	707.0	46	V2	Staggered
1883	0b1c2b9ed02095f223b442c9bdd35006	d__Bacteria; p__Proteobacteria; c__Alphaproteobacteria; o__Rhodospirillales; f__AEGEAN-169_marine_group; g__AEGEAN-169_marine_group; s__metagenome	905.0	46	V2	Staggered
1885	0b1c2b9ed02095f223b442c9bdd35006	d__Bacteria; p__Proteobacteria; c__Alphaproteobacteria; o__Rhodospirillales; f__AEGEAN-169_marine_group; g__AEGEAN-169_marine_group; s__metagenome	978.0	46	V2	Staggered
1887	0b1c2b9ed02095f223b442c9bdd35006	d__Bacteria; p__Proteobacteria; c__Alphaproteobacteria; o__Rhodospirillales; f__AEGEAN-169_marine_group; g__AEGEAN-169_marine_group; s__metagenome	803.0	46	V2	Staggered
1888	0b1c2b9ed02095f223b442c9bdd35006	d__Bacteria; p__Proteobacteria; c__Alphaproteobacteria; o__Rhodospirillales; f__AEGEAN-169_marine_group; g__AEGEAN-169_marine_group; s__metagenome	914.0	46	V2	Staggered
1889	0b1c2b9ed02095f223b442c9bdd35006	d__Bacteria; p__Proteobacteria; c__Alphaproteobacteria; o__Rhodospirillales; f__AEGEAN-169_marine_group; g__AEGEAN-169_marine_group; s__metagenome	550.0	46	V2	Staggered
1890	0b1c2b9ed02095f223b442c9bdd35006	d__Bacteria; p__Proteobacteria; c__Alphaproteobacteria; o__Rhodospirillales; f__AEGEAN-169_marine_group; g__AEGEAN-169_marine_group; s__metagenome	699.0	46	V2	Staggered
1891	0b1c2b9ed02095f223b442c9bdd35006	d__Bacteria; p__Proteobacteria; c__Alphaproteobacteria; o__Rhodospirillales; f__AEGEAN-169_marine_group; g__AEGEAN-169_marine_group; s__metagenome	740.0	46	V2	Staggered
1892	0b1c2b9ed02095f223b442c9bdd35006	d__Bacteria; p__Proteobacteria; c__Alphaproteobacteria; o__Rhodospirillales; f__AEGEAN-169_marine_group; g__AEGEAN-169_marine_group; s__metagenome	547.0	46	V2	Staggered
1893	0b1c2b9ed02095f223b442c9bdd35006	d__Bacteria; p__Proteobacteria; c__Alphaproteobacteria; o__Rhodospirillales; f__AEGEAN-169_marine_group; g__AEGEAN-169_marine_group; s__metagenome	1125.0	46	V2	Staggered
1894	0b1c2b9ed02095f223b442c9bdd35006	d__Bacteria; p__Proteobacteria; c__Alphaproteobacteria; o__Rhodospirillales; f__AEGEAN-169_marine_group; g__AEGEAN-169_marine_group; s__metagenome	322.0	46	V2	Staggered
1895	0b1c2b9ed02095f223b442c9bdd35006	d__Bacteria; p__Proteobacteria; c__Alphaproteobacteria; o__Rhodospirillales; f__AEGEAN-169_marine_group; g__AEGEAN-169_marine_group; s__metagenome	711.0	46	V2	Staggered
1896	0b1c2b9ed02095f223b442c9bdd35006	d__Bacteria; p__Proteobacteria; c__Alphaproteobacteria; o__Rhodospirillales; f__AEGEAN-169_marine_group; g__AEGEAN-169_marine_group; s__metagenome	175.0	46	V2	Staggered
1897	0b1c2b9ed02095f223b442c9bdd35006	d__Bacteria; p__Proteobacteria; c__Alphaproteobacteria; o__Rhodospirillales; f__AEGEAN-169_marine_group; g__AEGEAN-169_marine_group; s__metagenome	325.0	46	V2	Staggered
1898	0b1c2b9ed02095f223b442c9bdd35006	d__Bacteria; p__Proteobacteria; c__Alphaproteobacteria; o__Rhodospirillales; f__AEGEAN-169_marine_group; g__AEGEAN-169_marine_group; s__metagenome	804.0	46	V2	Staggered
1899	0b1c2b9ed02095f223b442c9bdd35006	d__Bacteria; p__Proteobacteria; c__Alphaproteobacteria; o__Rhodospirillales; f__AEGEAN-169_marine_group; g__AEGEAN-169_marine_group; s__metagenome	71.0	46	V2	Staggered
1900	0b1c2b9ed02095f223b442c9bdd35006	d__Bacteria; p__Proteobacteria; c__Alphaproteobacteria; o__Rhodospirillales; f__AEGEAN-169_marine_group; g__AEGEAN-169_marine_group; s__metagenome	69.0	46	V2	Staggered
1901	0b1c2b9ed02095f223b442c9bdd35006	d__Bacteria; p__Proteobacteria; c__Alphaproteobacteria; o__Rhodospirillales; f__AEGEAN-169_marine_group; g__AEGEAN-169_marine_group; s__metagenome	181.0	46	V2	Staggered
1902	0b1c2b9ed02095f223b442c9bdd35006	d__Bacteria; p__Proteobacteria; c__Alphaproteobacteria; o__Rhodospirillales; f__AEGEAN-169_marine_group; g__AEGEAN-169_marine_group; s__metagenome	1148.0	46	V2	Staggered
1903	0b1c2b9ed02095f223b442c9bdd35006	d__Bacteria; p__Proteobacteria; c__Alphaproteobacteria; o__Rhodospirillales; f__AEGEAN-169_marine_group; g__AEGEAN-169_marine_group; s__metagenome	68.0	46	V2	Staggered
1904	0b1c2b9ed02095f223b442c9bdd35006	d__Bacteria; p__Proteobacteria; c__Alphaproteobacteria; o__Rhodospirillales; f__AEGEAN-169_marine_group; g__AEGEAN-169_marine_group; s__metagenome	549.0	46	V2	Staggered
1905	0b1c2b9ed02095f223b442c9bdd35006	d__Bacteria; p__Proteobacteria; c__Alphaproteobacteria; o__Rhodospirillales; f__AEGEAN-169_marine_group; g__AEGEAN-169_marine_group; s__metagenome	551.0	46	V2	Staggered
1906	0b1c2b9ed02095f223b442c9bdd35006	d__Bacteria; p__Proteobacteria; c__Alphaproteobacteria; o__Rhodospirillales; f__AEGEAN-169_marine_group; g__AEGEAN-169_marine_group; s__metagenome	326.0	46	V2	Staggered
1907	0b1c2b9ed02095f223b442c9bdd35006	d__Bacteria; p__Proteobacteria; c__Alphaproteobacteria; o__Rhodospirillales; f__AEGEAN-169_marine_group; g__AEGEAN-169_marine_group; s__metagenome	912.0	46	V2	Staggered
1909	0b1c2b9ed02095f223b442c9bdd35006	d__Bacteria; p__Proteobacteria; c__Alphaproteobacteria; o__Rhodospirillales; f__AEGEAN-169_marine_group; g__AEGEAN-169_marine_group; s__metagenome	1097.0	46	V2	Staggered
1910	0b1c2b9ed02095f223b442c9bdd35006	d__Bacteria; p__Proteobacteria; c__Alphaproteobacteria; o__Rhodospirillales; f__AEGEAN-169_marine_group; g__AEGEAN-169_marine_group; s__metagenome	940.0	46	V2	Staggered
1912	0b1c2b9ed02095f223b442c9bdd35006	d__Bacteria; p__Proteobacteria; c__Alphaproteobacteria; o__Rhodospirillales; f__AEGEAN-169_marine_group; g__AEGEAN-169_marine_group; s__metagenome	901.0	46	V2	Staggered
1913	0b1c2b9ed02095f223b442c9bdd35006	d__Bacteria; p__Proteobacteria; c__Alphaproteobacteria; o__Rhodospirillales; f__AEGEAN-169_marine_group; g__AEGEAN-169_marine_group; s__metagenome	709.0	46	V2	Staggered
1914	0b1c2b9ed02095f223b442c9bdd35006	d__Bacteria; p__Proteobacteria; c__Alphaproteobacteria; o__Rhodospirillales; f__AEGEAN-169_marine_group; g__AEGEAN-169_marine_group; s__metagenome	933.0	46	V2	Staggered
1915	0b1c2b9ed02095f223b442c9bdd35006	d__Bacteria; p__Proteobacteria; c__Alphaproteobacteria; o__Rhodospirillales; f__AEGEAN-169_marine_group; g__AEGEAN-169_marine_group; s__metagenome	448.0	46	V2	Staggered
1916	0b1c2b9ed02095f223b442c9bdd35006	d__Bacteria; p__Proteobacteria; c__Alphaproteobacteria; o__Rhodospirillales; f__AEGEAN-169_marine_group; g__AEGEAN-169_marine_group; s__metagenome	1044.0	46	V2	Staggered
1917	0b1c2b9ed02095f223b442c9bdd35006	d__Bacteria; p__Proteobacteria; c__Alphaproteobacteria; o__Rhodospirillales; f__AEGEAN-169_marine_group; g__AEGEAN-169_marine_group; s__metagenome	321.0	46	V2	Staggered
1918	0b1c2b9ed02095f223b442c9bdd35006	d__Bacteria; p__Proteobacteria; c__Alphaproteobacteria; o__Rhodospirillales; f__AEGEAN-169_marine_group; g__AEGEAN-169_marine_group; s__metagenome	429.0	46	V2	Staggered
1919	0b1c2b9ed02095f223b442c9bdd35006	d__Bacteria; p__Proteobacteria; c__Alphaproteobacteria; o__Rhodospirillales; f__AEGEAN-169_marine_group; g__AEGEAN-169_marine_group; s__metagenome	73.0	46	V2	Staggered
1920	0b1c2b9ed02095f223b442c9bdd35006	d__Bacteria; p__Proteobacteria; c__Alphaproteobacteria; o__Rhodospirillales; f__AEGEAN-169_marine_group; g__AEGEAN-169_marine_group; s__metagenome	942.0	46	V2	Staggered
1921	0b1c2b9ed02095f223b442c9bdd35006	d__Bacteria; p__Proteobacteria; c__Alphaproteobacteria; o__Rhodospirillales; f__AEGEAN-169_marine_group; g__AEGEAN-169_marine_group; s__metagenome	562.0	46	V2	Staggered
1922	0b1c2b9ed02095f223b442c9bdd35006	d__Bacteria; p__Proteobacteria; c__Alphaproteobacteria; o__Rhodospirillales; f__AEGEAN-169_marine_group; g__AEGEAN-169_marine_group; s__metagenome	1090.0	46	V2	Staggered
1923	0b1c2b9ed02095f223b442c9bdd35006	d__Bacteria; p__Proteobacteria; c__Alphaproteobacteria; o__Rhodospirillales; f__AEGEAN-169_marine_group; g__AEGEAN-169_marine_group; s__metagenome	886.0	46	V2	Staggered
1925	0b1c2b9ed02095f223b442c9bdd35006	d__Bacteria; p__Proteobacteria; c__Alphaproteobacteria; o__Rhodospirillales; f__AEGEAN-169_marine_group; g__AEGEAN-169_marine_group; s__metagenome	1006.0	46	V2	Staggered
1926	0b1c2b9ed02095f223b442c9bdd35006	d__Bacteria; p__Proteobacteria; c__Alphaproteobacteria; o__Rhodospirillales; f__AEGEAN-169_marine_group; g__AEGEAN-169_marine_group; s__metagenome	533.0	46	V2	Staggered
1927	0b1c2b9ed02095f223b442c9bdd35006	d__Bacteria; p__Proteobacteria; c__Alphaproteobacteria; o__Rhodospirillales; f__AEGEAN-169_marine_group; g__AEGEAN-169_marine_group; s__metagenome	1015.0	46	V2	Staggered
1928	0b1c2b9ed02095f223b442c9bdd35006	d__Bacteria; p__Proteobacteria; c__Alphaproteobacteria; o__Rhodospirillales; f__AEGEAN-169_marine_group; g__AEGEAN-169_marine_group; s__metagenome	731.0	46	V2	Staggered
1929	0b1c2b9ed02095f223b442c9bdd35006	d__Bacteria; p__Proteobacteria; c__Alphaproteobacteria; o__Rhodospirillales; f__AEGEAN-169_marine_group; g__AEGEAN-169_marine_group; s__metagenome	998.0	46	V2	Staggered
1930	0b1c2b9ed02095f223b442c9bdd35006	d__Bacteria; p__Proteobacteria; c__Alphaproteobacteria; o__Rhodospirillales; f__AEGEAN-169_marine_group; g__AEGEAN-169_marine_group; s__metagenome	1105.0	46	V2	Staggered
1931	0b1c2b9ed02095f223b442c9bdd35006	d__Bacteria; p__Proteobacteria; c__Alphaproteobacteria; o__Rhodospirillales; f__AEGEAN-169_marine_group; g__AEGEAN-169_marine_group; s__metagenome	1167.0	46	V2	Staggered
1932	0b1c2b9ed02095f223b442c9bdd35006	d__Bacteria; p__Proteobacteria; c__Alphaproteobacteria; o__Rhodospirillales; f__AEGEAN-169_marine_group; g__AEGEAN-169_marine_group; s__metagenome	859.0	46	V2	Staggered
1933	0b1c2b9ed02095f223b442c9bdd35006	d__Bacteria; p__Proteobacteria; c__Alphaproteobacteria; o__Rhodospirillales; f__AEGEAN-169_marine_group; g__AEGEAN-169_marine_group; s__metagenome	794.0	46	V2	Staggered
1934	0b1c2b9ed02095f223b442c9bdd35006	d__Bacteria; p__Proteobacteria; c__Alphaproteobacteria; o__Rhodospirillales; f__AEGEAN-169_marine_group; g__AEGEAN-169_marine_group; s__metagenome	636.0	46	V2	Staggered
1935	0b1c2b9ed02095f223b442c9bdd35006	d__Bacteria; p__Proteobacteria; c__Alphaproteobacteria; o__Rhodospirillales; f__AEGEAN-169_marine_group; g__AEGEAN-169_marine_group; s__metagenome	724.0	46	V2	Staggered
1936	0b1c2b9ed02095f223b442c9bdd35006	d__Bacteria; p__Proteobacteria; c__Alphaproteobacteria; o__Rhodospirillales; f__AEGEAN-169_marine_group; g__AEGEAN-169_marine_group; s__metagenome	313.0	46	V2	Staggered
1937	0b1c2b9ed02095f223b442c9bdd35006	d__Bacteria; p__Proteobacteria; c__Alphaproteobacteria; o__Rhodospirillales; f__AEGEAN-169_marine_group; g__AEGEAN-169_marine_group; s__metagenome	786.0	46	V2	Staggered
1938	0b1c2b9ed02095f223b442c9bdd35006	d__Bacteria; p__Proteobacteria; c__Alphaproteobacteria; o__Rhodospirillales; f__AEGEAN-169_marine_group; g__AEGEAN-169_marine_group; s__metagenome	499.0	46	V2	Staggered
1939	0b1c2b9ed02095f223b442c9bdd35006	d__Bacteria; p__Proteobacteria; c__Alphaproteobacteria; o__Rhodospirillales; f__AEGEAN-169_marine_group; g__AEGEAN-169_marine_group; s__metagenome	713.0	46	V2	Staggered
1940	0b1c2b9ed02095f223b442c9bdd35006	d__Bacteria; p__Proteobacteria; c__Alphaproteobacteria; o__Rhodospirillales; f__AEGEAN-169_marine_group; g__AEGEAN-169_marine_group; s__metagenome	301.0	46	V2	Staggered
1942	0b1c2b9ed02095f223b442c9bdd35006	d__Bacteria; p__Proteobacteria; c__Alphaproteobacteria; o__Rhodospirillales; f__AEGEAN-169_marine_group; g__AEGEAN-169_marine_group; s__metagenome	528.0	46	V2	Staggered
1943	0b1c2b9ed02095f223b442c9bdd35006	d__Bacteria; p__Proteobacteria; c__Alphaproteobacteria; o__Rhodospirillales; f__AEGEAN-169_marine_group; g__AEGEAN-169_marine_group; s__metagenome	1132.0	46	V2	Staggered
1944	0b1c2b9ed02095f223b442c9bdd35006	d__Bacteria; p__Proteobacteria; c__Alphaproteobacteria; o__Rhodospirillales; f__AEGEAN-169_marine_group; g__AEGEAN-169_marine_group; s__metagenome	735.0	46	V2	Staggered
1945	0b1c2b9ed02095f223b442c9bdd35006	d__Bacteria; p__Proteobacteria; c__Alphaproteobacteria; o__Rhodospirillales; f__AEGEAN-169_marine_group; g__AEGEAN-169_marine_group; s__metagenome	1014.0	46	V2	Staggered
1946	0b1c2b9ed02095f223b442c9bdd35006	d__Bacteria; p__Proteobacteria; c__Alphaproteobacteria; o__Rhodospirillales; f__AEGEAN-169_marine_group; g__AEGEAN-169_marine_group; s__metagenome	1077.0	46	V2	Staggered
1948	0b1c2b9ed02095f223b442c9bdd35006	d__Bacteria; p__Proteobacteria; c__Alphaproteobacteria; o__Rhodospirillales; f__AEGEAN-169_marine_group; g__AEGEAN-169_marine_group; s__metagenome	799.0	46	V2	Staggered
1949	0b1c2b9ed02095f223b442c9bdd35006	d__Bacteria; p__Proteobacteria; c__Alphaproteobacteria; o__Rhodospirillales; f__AEGEAN-169_marine_group; g__AEGEAN-169_marine_group; s__metagenome	682.0	46	V2	Staggered
1950	0b1c2b9ed02095f223b442c9bdd35006	d__Bacteria; p__Proteobacteria; c__Alphaproteobacteria; o__Rhodospirillales; f__AEGEAN-169_marine_group; g__AEGEAN-169_marine_group; s__metagenome	1151.0	46	V2	Staggered
1951	0b1c2b9ed02095f223b442c9bdd35006	d__Bacteria; p__Proteobacteria; c__Alphaproteobacteria; o__Rhodospirillales; f__AEGEAN-169_marine_group; g__AEGEAN-169_marine_group; s__metagenome	698.0	46	V2	Staggered
1952	0b1c2b9ed02095f223b442c9bdd35006	d__Bacteria; p__Proteobacteria; c__Alphaproteobacteria; o__Rhodospirillales; f__AEGEAN-169_marine_group; g__AEGEAN-169_marine_group; s__metagenome	1079.0	46	V2	Staggered
1953	0b1c2b9ed02095f223b442c9bdd35006	d__Bacteria; p__Proteobacteria; c__Alphaproteobacteria; o__Rhodospirillales; f__AEGEAN-169_marine_group; g__AEGEAN-169_marine_group; s__metagenome	678.0	46	V2	Staggered
1954	0b1c2b9ed02095f223b442c9bdd35006	d__Bacteria; p__Proteobacteria; c__Alphaproteobacteria; o__Rhodospirillales; f__AEGEAN-169_marine_group; g__AEGEAN-169_marine_group; s__metagenome	949.0	46	V2	Staggered
1955	0b1c2b9ed02095f223b442c9bdd35006	d__Bacteria; p__Proteobacteria; c__Alphaproteobacteria; o__Rhodospirillales; f__AEGEAN-169_marine_group; g__AEGEAN-169_marine_group; s__metagenome	1095.0	46	V2	Staggered
1956	0b1c2b9ed02095f223b442c9bdd35006	d__Bacteria; p__Proteobacteria; c__Alphaproteobacteria; o__Rhodospirillales; f__AEGEAN-169_marine_group; g__AEGEAN-169_marine_group; s__metagenome	1012.0	46	V2	Staggered
1957	0b1c2b9ed02095f223b442c9bdd35006	d__Bacteria; p__Proteobacteria; c__Alphaproteobacteria; o__Rhodospirillales; f__AEGEAN-169_marine_group; g__AEGEAN-169_marine_group; s__metagenome	633.0	46	V2	Staggered
1958	0b1c2b9ed02095f223b442c9bdd35006	d__Bacteria; p__Proteobacteria; c__Alphaproteobacteria; o__Rhodospirillales; f__AEGEAN-169_marine_group; g__AEGEAN-169_marine_group; s__metagenome	540.0	46	V2	Staggered
1959	0b1c2b9ed02095f223b442c9bdd35006	d__Bacteria; p__Proteobacteria; c__Alphaproteobacteria; o__Rhodospirillales; f__AEGEAN-169_marine_group; g__AEGEAN-169_marine_group; s__metagenome	1070.0	46	V2	Staggered
1960	0b1c2b9ed02095f223b442c9bdd35006	d__Bacteria; p__Proteobacteria; c__Alphaproteobacteria; o__Rhodospirillales; f__AEGEAN-169_marine_group; g__AEGEAN-169_marine_group; s__metagenome	272.0	46	V2	Staggered
1961	0b1c2b9ed02095f223b442c9bdd35006	d__Bacteria; p__Proteobacteria; c__Alphaproteobacteria; o__Rhodospirillales; f__AEGEAN-169_marine_group; g__AEGEAN-169_marine_group; s__metagenome	915.0	46	V2	Staggered
1962	0b1c2b9ed02095f223b442c9bdd35006	d__Bacteria; p__Proteobacteria; c__Alphaproteobacteria; o__Rhodospirillales; f__AEGEAN-169_marine_group; g__AEGEAN-169_marine_group; s__metagenome	262.0	46	V2	Staggered
1963	0b1c2b9ed02095f223b442c9bdd35006	d__Bacteria; p__Proteobacteria; c__Alphaproteobacteria; o__Rhodospirillales; f__AEGEAN-169_marine_group; g__AEGEAN-169_marine_group; s__metagenome	710.0	46	V2	Staggered
1964	0b1c2b9ed02095f223b442c9bdd35006	d__Bacteria; p__Proteobacteria; c__Alphaproteobacteria; o__Rhodospirillales; f__AEGEAN-169_marine_group; g__AEGEAN-169_marine_group; s__metagenome	954.0	46	V2	Staggered
1965	0b1c2b9ed02095f223b442c9bdd35006	d__Bacteria; p__Proteobacteria; c__Alphaproteobacteria; o__Rhodospirillales; f__AEGEAN-169_marine_group; g__AEGEAN-169_marine_group; s__metagenome	841.0	46	V2	Staggered
1966	0b1c2b9ed02095f223b442c9bdd35006	d__Bacteria; p__Proteobacteria; c__Alphaproteobacteria; o__Rhodospirillales; f__AEGEAN-169_marine_group; g__AEGEAN-169_marine_group; s__metagenome	1007.0	46	V2	Staggered
1967	0b1c2b9ed02095f223b442c9bdd35006	d__Bacteria; p__Proteobacteria; c__Alphaproteobacteria; o__Rhodospirillales; f__AEGEAN-169_marine_group; g__AEGEAN-169_marine_group; s__metagenome	911.0	46	V2	Staggered
1968	0b1c2b9ed02095f223b442c9bdd35006	d__Bacteria; p__Proteobacteria; c__Alphaproteobacteria; o__Rhodospirillales; f__AEGEAN-169_marine_group; g__AEGEAN-169_marine_group; s__metagenome	704.0	46	V2	Staggered
1969	0b1c2b9ed02095f223b442c9bdd35006	d__Bacteria; p__Proteobacteria; c__Alphaproteobacteria; o__Rhodospirillales; f__AEGEAN-169_marine_group; g__AEGEAN-169_marine_group; s__metagenome	158.0	46	V2	Staggered
1970	0b1c2b9ed02095f223b442c9bdd35006	d__Bacteria; p__Proteobacteria; c__Alphaproteobacteria; o__Rhodospirillales; f__AEGEAN-169_marine_group; g__AEGEAN-169_marine_group; s__metagenome	153.0	46	V2	Staggered
1972	0b1c2b9ed02095f223b442c9bdd35006	d__Bacteria; p__Proteobacteria; c__Alphaproteobacteria; o__Rhodospirillales; f__AEGEAN-169_marine_group; g__AEGEAN-169_marine_group; s__metagenome	545.0	46	V2	Staggered
1973	0b1c2b9ed02095f223b442c9bdd35006	d__Bacteria; p__Proteobacteria; c__Alphaproteobacteria; o__Rhodospirillales; f__AEGEAN-169_marine_group; g__AEGEAN-169_marine_group; s__metagenome	1192.0	46	V2	Staggered
1974	0b1c2b9ed02095f223b442c9bdd35006	d__Bacteria; p__Proteobacteria; c__Alphaproteobacteria; o__Rhodospirillales; f__AEGEAN-169_marine_group; g__AEGEAN-169_marine_group; s__metagenome	1165.0	46	V2	Staggered
1975	0b1c2b9ed02095f223b442c9bdd35006	d__Bacteria; p__Proteobacteria; c__Alphaproteobacteria; o__Rhodospirillales; f__AEGEAN-169_marine_group; g__AEGEAN-169_marine_group; s__metagenome	323.0	46	V2	Staggered
1976	0b1c2b9ed02095f223b442c9bdd35006	d__Bacteria; p__Proteobacteria; c__Alphaproteobacteria; o__Rhodospirillales; f__AEGEAN-169_marine_group; g__AEGEAN-169_marine_group; s__metagenome	172.0	46	V2	Staggered
1977	0b1c2b9ed02095f223b442c9bdd35006	d__Bacteria; p__Proteobacteria; c__Alphaproteobacteria; o__Rhodospirillales; f__AEGEAN-169_marine_group; g__AEGEAN-169_marine_group; s__metagenome	705.0	46	V2	Staggered
1978	0b1c2b9ed02095f223b442c9bdd35006	d__Bacteria; p__Proteobacteria; c__Alphaproteobacteria; o__Rhodospirillales; f__AEGEAN-169_marine_group; g__AEGEAN-169_marine_group; s__metagenome	1191.0	46	V2	Staggered
1979	0b1c2b9ed02095f223b442c9bdd35006	d__Bacteria; p__Proteobacteria; c__Alphaproteobacteria; o__Rhodospirillales; f__AEGEAN-169_marine_group; g__AEGEAN-169_marine_group; s__metagenome	909.0	46	V2	Staggered
1980	0b1c2b9ed02095f223b442c9bdd35006	d__Bacteria; p__Proteobacteria; c__Alphaproteobacteria; o__Rhodospirillales; f__AEGEAN-169_marine_group; g__AEGEAN-169_marine_group; s__metagenome	738.0	46	V2	Staggered
1982	0b1c2b9ed02095f223b442c9bdd35006	d__Bacteria; p__Proteobacteria; c__Alphaproteobacteria; o__Rhodospirillales; f__AEGEAN-169_marine_group; g__AEGEAN-169_marine_group; s__metagenome	802.0	46	V2	Staggered
1983	0b1c2b9ed02095f223b442c9bdd35006	d__Bacteria; p__Proteobacteria; c__Alphaproteobacteria; o__Rhodospirillales; f__AEGEAN-169_marine_group; g__AEGEAN-169_marine_group; s__metagenome	670.0	46	V2	Staggered
